source,dependency,resolution_status,classification,source_package,target_package
app/agent/__init__.py,__future__,UNKNOWN,UNKNOWN,app,external_or_unknown
app/agent/__init__.py,app/agent/__init__.py,ACTIVE,ACTIVE,app,app
app/agent/__init__.py,app/agent/engine.py,ACTIVE,ACTIVE,app,app
app/agent/__init__.py,typing,UNKNOWN,UNKNOWN,app,external_or_unknown
app/agent/assessment_agent.py,__future__,UNKNOWN,UNKNOWN,app,external_or_unknown
app/agent/assessment_agent.py,app/agent/assessment_result.py,ACTIVE,ACTIVE,app,app
app/agent/assessment_agent.py,app/agent/execution_context.py,ACTIVE,ACTIVE,app,app
app/agent/assessment_agent.py,app/agent/formula_graph.py,ACTIVE,ACTIVE,app,app
app/agent/assessment_agent.py,app/agent/nodes/__init__.py,ACTIVE,ACTIVE,app,app
app/agent/assessment_agent.py,app/agent/state.py,ACTIVE,ACTIVE,app,app
app/agent/assessment_agent.py,app/agent/utils.py,ACTIVE,ACTIVE,app,app
app/agent/assessment_agent.py,app/data/warehouse/parameters.py,ACTIVE,ACTIVE,app,app
app/agent/assessment_agent.py,app/data/warehouse/units.py,ACTIVE,ACTIVE,app,app
app/agent/assessment_agent.py,app/science/attach.py,ACTIVE,ACTIVE,app,app
app/agent/assessment_agent.py,logging,UNKNOWN,UNKNOWN,app,external_or_unknown
app/agent/assessment_agent.py,time,UNKNOWN,UNKNOWN,app,external_or_unknown
app/agent/assessment_agent.py,typing,UNKNOWN,UNKNOWN,app,external_or_unknown
app/agent/assessment_result.py,__future__,UNKNOWN,UNKNOWN,app,external_or_unknown
app/agent/assessment_result.py,app/agent/execution_context.py,ACTIVE,ACTIVE,app,app
app/agent/assessment_result.py,app/agent/state.py,ACTIVE,ACTIVE,app,app
app/agent/assessment_result.py,dataclasses,UNKNOWN,UNKNOWN,app,external_or_unknown
app/agent/assessment_result.py,typing,UNKNOWN,UNKNOWN,app,external_or_unknown
app/agent/bundle_engine.py,__future__,UNKNOWN,UNKNOWN,app,external_or_unknown
app/agent/bundle_engine.py,app/agent/utils.py,ACTIVE,ACTIVE,app,app
app/agent/bundle_engine.py,math,UNKNOWN,UNKNOWN,app,external_or_unknown
app/agent/bundle_engine.py,pandas,UNKNOWN,UNKNOWN,app,external_or_unknown
app/agent/bundle_engine.py,typing,UNKNOWN,UNKNOWN,app,external_or_unknown
app/agent/calculation_trace.py,__future__,UNKNOWN,UNKNOWN,app,external_or_unknown
app/agent/calculation_trace.py,app/agent/condition_lookup.py,ACTIVE,ACTIVE,app,app
app/agent/calculation_trace.py,app/agent/utils.py,ACTIVE,ACTIVE,app,app
app/agent/calculation_trace.py,app/agent/wellness_map.py,ACTIVE,ACTIVE,app,app
app/agent/calculation_trace.py,re,UNKNOWN,UNKNOWN,app,external_or_unknown
app/agent/calculation_trace.py,typing,UNKNOWN,UNKNOWN,app,external_or_unknown
app/agent/condition_lookup.py,__future__,UNKNOWN,UNKNOWN,app,external_or_unknown
app/agent/condition_lookup.py,app/inference/resolver.py,ACTIVE,ACTIVE,app,app
app/agent/condition_lookup.py,typing,UNKNOWN,UNKNOWN,app,external_or_unknown
app/agent/engine.py,__future__,UNKNOWN,UNKNOWN,app,external_or_unknown
app/agent/engine.py,app/agent/assessment_agent.py,ACTIVE,ACTIVE,app,app
app/agent/engine.py,app/agent/state.py,ACTIVE,ACTIVE,app,app
app/agent/engine.py,app/agent/utils.py,ACTIVE,ACTIVE,app,app
app/agent/engine.py,app/core/paths.py,ACTIVE,ACTIVE,app,app
app/agent/engine.py,asyncio,UNKNOWN,UNKNOWN,app,external_or_unknown
app/agent/engine.py,logging,UNKNOWN,UNKNOWN,app,external_or_unknown
app/agent/engine.py,typing,UNKNOWN,UNKNOWN,app,external_or_unknown
app/agent/execution_context.py,__future__,UNKNOWN,UNKNOWN,app,external_or_unknown
app/agent/execution_context.py,app/agent/state.py,ACTIVE,ACTIVE,app,app
app/agent/execution_context.py,app/agent/utils.py,ACTIVE,ACTIVE,app,app
app/agent/execution_context.py,app/data/warehouse/parameters.py,ACTIVE,ACTIVE,app,app
app/agent/execution_context.py,app/data/warehouse/units.py,ACTIVE,ACTIVE,app,app
app/agent/execution_context.py,dataclasses,UNKNOWN,UNKNOWN,app,external_or_unknown
app/agent/execution_context.py,typing,UNKNOWN,UNKNOWN,app,external_or_unknown
app/agent/formula_graph.py,__future__,UNKNOWN,UNKNOWN,app,external_or_unknown
app/agent/formula_graph.py,app/agent/execution_context.py,ACTIVE,ACTIVE,app,app
app/agent/formula_graph.py,app/agent/formula_node.py,ACTIVE,ACTIVE,app,app
app/agent/formula_graph.py,typing,UNKNOWN,UNKNOWN,app,external_or_unknown
app/agent/formula_node.py,__future__,UNKNOWN,UNKNOWN,app,external_or_unknown
app/agent/formula_node.py,abc,UNKNOWN,UNKNOWN,app,external_or_unknown
app/agent/formula_node.py,app/agent/execution_context.py,ACTIVE,ACTIVE,app,app
app/agent/formula_node.py,time,UNKNOWN,UNKNOWN,app,external_or_unknown
app/agent/formula_node.py,typing,UNKNOWN,UNKNOWN,app,external_or_unknown
app/agent/formula_registry.py,__future__,UNKNOWN,UNKNOWN,app,external_or_unknown
app/agent/formula_registry.py,typing,UNKNOWN,UNKNOWN,app,external_or_unknown
app/agent/formula_trace.py,__future__,UNKNOWN,UNKNOWN,app,external_or_unknown
app/agent/formula_trace.py,dataclasses,UNKNOWN,UNKNOWN,app,external_or_unknown
app/agent/formula_trace.py,time,UNKNOWN,UNKNOWN,app,external_or_unknown
app/agent/formula_trace.py,typing,UNKNOWN,UNKNOWN,app,external_or_unknown
app/agent/ingredient_engine.py,__future__,UNKNOWN,UNKNOWN,app,external_or_unknown
app/agent/ingredient_engine.py,app/agent/condition_lookup.py,ACTIVE,ACTIVE,app,app
app/agent/ingredient_engine.py,app/agent/formula_trace.py,ACTIVE,ACTIVE,app,app
app/agent/ingredient_engine.py,app/agent/utils.py,ACTIVE,ACTIVE,app,app
app/agent/ingredient_engine.py,pandas,UNKNOWN,UNKNOWN,app,external_or_unknown
app/agent/ingredient_engine.py,typing,UNKNOWN,UNKNOWN,app,external_or_unknown
app/agent/nodes/__init__.py,__future__,UNKNOWN,UNKNOWN,app,external_or_unknown
app/agent/nodes/__init__.py,app/agent/nodes/activity_node.py,ACTIVE,ACTIVE,app,app
app/agent/nodes/__init__.py,app/agent/nodes/assessment_node.py,ACTIVE,ACTIVE,app,app
app/agent/nodes/__init__.py,app/agent/nodes/biology_node.py,ACTIVE,ACTIVE,app,app
app/agent/nodes/__init__.py,app/agent/nodes/breed_node.py,ACTIVE,ACTIVE,app,app
app/agent/nodes/__init__.py,app/agent/nodes/confidence_node.py,ACTIVE,ACTIVE,app,app
app/agent/nodes/__init__.py,app/agent/nodes/epidemiology_node.py,ACTIVE,ACTIVE,app,app
app/agent/nodes/__init__.py,app/agent/nodes/evidence_node.py,ACTIVE,ACTIVE,app,app
app/agent/nodes/__init__.py,app/agent/nodes/export_node.py,ACTIVE,ACTIVE,app,app
app/agent/nodes/__init__.py,app/agent/nodes/grooming_node.py,ACTIVE,ACTIVE,app,app
app/agent/nodes/__init__.py,app/agent/nodes/ingredient_node.py,ACTIVE,ACTIVE,app,app
app/agent/nodes/__init__.py,app/agent/nodes/nutrition_node.py,ACTIVE,ACTIVE,app,app
app/agent/nodes/__init__.py,app/agent/nodes/package_node.py,ACTIVE,ACTIVE,app,app
app/agent/nodes/__init__.py,app/agent/nodes/product_node.py,ACTIVE,ACTIVE,app,app
app/agent/nodes/__init__.py,app/agent/nodes/profile_node.py,ACTIVE,ACTIVE,app,app
app/agent/nodes/__init__.py,app/agent/nodes/report_node.py,ACTIVE,ACTIVE,app,app
app/agent/nodes/__init__.py,app/agent/nodes/risk_node.py,ACTIVE,ACTIVE,app,app
app/agent/nodes/__init__.py,app/agent/nodes/trace_node.py,ACTIVE,ACTIVE,app,app
app/agent/nodes/__init__.py,app/agent/nodes/validation_node.py,ACTIVE,ACTIVE,app,app
app/agent/nodes/activity_node.py,__future__,UNKNOWN,UNKNOWN,app,external_or_unknown
app/agent/nodes/activity_node.py,app/agent/execution_context.py,ACTIVE,ACTIVE,app,app
app/agent/nodes/activity_node.py,app/agent/formula_node.py,ACTIVE,ACTIVE,app,app
app/agent/nodes/activity_node.py,app/agent/state.py,ACTIVE,ACTIVE,app,app
app/agent/nodes/activity_node.py,typing,UNKNOWN,UNKNOWN,app,external_or_unknown
app/agent/nodes/assessment_node.py,__future__,UNKNOWN,UNKNOWN,app,external_or_unknown
app/agent/nodes/assessment_node.py,app/agent/execution_context.py,ACTIVE,ACTIVE,app,app
app/agent/nodes/assessment_node.py,app/agent/formula_node.py,ACTIVE,ACTIVE,app,app
app/agent/nodes/biology_node.py,__future__,UNKNOWN,UNKNOWN,app,external_or_unknown
app/agent/nodes/biology_node.py,app/agent/execution_context.py,ACTIVE,ACTIVE,app,app
app/agent/nodes/biology_node.py,app/agent/formula_node.py,ACTIVE,ACTIVE,app,app
app/agent/nodes/biology_node.py,app/formulas/stages/biological.py,ACTIVE,ACTIVE,app,app
app/agent/nodes/breed_node.py,__future__,UNKNOWN,UNKNOWN,app,external_or_unknown
app/agent/nodes/breed_node.py,app/agent/execution_context.py,ACTIVE,ACTIVE,app,app
app/agent/nodes/breed_node.py,app/agent/formula_node.py,ACTIVE,ACTIVE,app,app
app/agent/nodes/confidence_node.py,__future__,UNKNOWN,UNKNOWN,app,external_or_unknown
app/agent/nodes/confidence_node.py,app/agent/execution_context.py,ACTIVE,ACTIVE,app,app
app/agent/nodes/confidence_node.py,app/agent/formula_node.py,ACTIVE,ACTIVE,app,app
app/agent/nodes/epidemiology_node.py,__future__,UNKNOWN,UNKNOWN,app,external_or_unknown
app/agent/nodes/epidemiology_node.py,app/agent/execution_context.py,ACTIVE,ACTIVE,app,app
app/agent/nodes/epidemiology_node.py,app/agent/formula_node.py,ACTIVE,ACTIVE,app,app
app/agent/nodes/epidemiology_node.py,app/formulas/stages/epidemiology.py,ACTIVE,ACTIVE,app,app
app/agent/nodes/epidemiology_node.py,typing,UNKNOWN,UNKNOWN,app,external_or_unknown
app/agent/nodes/evidence_node.py,__future__,UNKNOWN,UNKNOWN,app,external_or_unknown
app/agent/nodes/evidence_node.py,app/agent/execution_context.py,ACTIVE,ACTIVE,app,app
app/agent/nodes/evidence_node.py,app/agent/formula_node.py,ACTIVE,ACTIVE,app,app
app/agent/nodes/export_node.py,__future__,UNKNOWN,UNKNOWN,app,external_or_unknown
app/agent/nodes/export_node.py,app/agent/execution_context.py,ACTIVE,ACTIVE,app,app
app/agent/nodes/export_node.py,app/agent/formula_node.py,ACTIVE,ACTIVE,app,app
app/agent/nodes/export_node.py,app/agent/response_assembler.py,ACTIVE,ACTIVE,app,app
app/agent/nodes/export_node.py,time,UNKNOWN,UNKNOWN,app,external_or_unknown
app/agent/nodes/grooming_node.py,__future__,UNKNOWN,UNKNOWN,app,external_or_unknown
app/agent/nodes/grooming_node.py,app/agent/execution_context.py,ACTIVE,ACTIVE,app,app
app/agent/nodes/grooming_node.py,app/agent/formula_node.py,ACTIVE,ACTIVE,app,app
app/agent/nodes/ingredient_node.py,__future__,UNKNOWN,UNKNOWN,app,external_or_unknown
app/agent/nodes/ingredient_node.py,app/agent/execution_context.py,ACTIVE,ACTIVE,app,app
app/agent/nodes/ingredient_node.py,app/agent/formula_node.py,ACTIVE,ACTIVE,app,app
app/agent/nodes/ingredient_node.py,app/agent/ingredient_engine.py,ACTIVE,ACTIVE,app,app
app/agent/nodes/nutrition_node.py,__future__,UNKNOWN,UNKNOWN,app,external_or_unknown
app/agent/nodes/nutrition_node.py,app/agent/execution_context.py,ACTIVE,ACTIVE,app,app
app/agent/nodes/nutrition_node.py,app/agent/formula_node.py,ACTIVE,ACTIVE,app,app
app/agent/nodes/nutrition_node.py,app/formulas/stages/nutrition.py,ACTIVE,ACTIVE,app,app
app/agent/nodes/package_node.py,__future__,UNKNOWN,UNKNOWN,app,external_or_unknown
app/agent/nodes/package_node.py,app/agent/execution_context.py,ACTIVE,ACTIVE,app,app
app/agent/nodes/package_node.py,app/agent/formula_node.py,ACTIVE,ACTIVE,app,app
app/agent/nodes/product_node.py,__future__,UNKNOWN,UNKNOWN,app,external_or_unknown
app/agent/nodes/product_node.py,app/agent/execution_context.py,ACTIVE,ACTIVE,app,app
app/agent/nodes/product_node.py,app/agent/formula_node.py,ACTIVE,ACTIVE,app,app
app/agent/nodes/product_node.py,app/formulas/stages/optimization.py,ACTIVE,ACTIVE,app,app
app/agent/nodes/profile_node.py,__future__,UNKNOWN,UNKNOWN,app,external_or_unknown
app/agent/nodes/profile_node.py,app/agent/execution_context.py,ACTIVE,ACTIVE,app,app
app/agent/nodes/profile_node.py,app/agent/formula_node.py,ACTIVE,ACTIVE,app,app
app/agent/nodes/report_node.py,__future__,UNKNOWN,UNKNOWN,app,external_or_unknown
app/agent/nodes/report_node.py,app/agent/execution_context.py,ACTIVE,ACTIVE,app,app
app/agent/nodes/report_node.py,app/agent/formula_node.py,ACTIVE,ACTIVE,app,app
app/agent/nodes/risk_node.py,__future__,UNKNOWN,UNKNOWN,app,external_or_unknown
app/agent/nodes/risk_node.py,app/agent/execution_context.py,ACTIVE,ACTIVE,app,app
app/agent/nodes/risk_node.py,app/agent/formula_node.py,ACTIVE,ACTIVE,app,app
app/agent/nodes/risk_node.py,app/agent/state.py,ACTIVE,ACTIVE,app,app
app/agent/nodes/risk_node.py,app/formulas/stages/health_risk.py,ACTIVE,ACTIVE,app,app
app/agent/nodes/trace_node.py,__future__,UNKNOWN,UNKNOWN,app,external_or_unknown
app/agent/nodes/trace_node.py,app/agent/execution_context.py,ACTIVE,ACTIVE,app,app
app/agent/nodes/trace_node.py,app/agent/formula_node.py,ACTIVE,ACTIVE,app,app
app/agent/nodes/trace_node.py,app/agent/formula_registry.py,ACTIVE,ACTIVE,app,app
app/agent/nodes/validation_node.py,__future__,UNKNOWN,UNKNOWN,app,external_or_unknown
app/agent/nodes/validation_node.py,app/agent/execution_context.py,ACTIVE,ACTIVE,app,app
app/agent/nodes/validation_node.py,app/agent/formula_node.py,ACTIVE,ACTIVE,app,app
app/agent/package_detail.py,__future__,UNKNOWN,UNKNOWN,app,external_or_unknown
app/agent/package_detail.py,app/agent/condition_lookup.py,ACTIVE,ACTIVE,app,app
app/agent/package_detail.py,app/agent/utils.py,ACTIVE,ACTIVE,app,app
app/agent/package_detail.py,app/inference/config.py,ACTIVE,ACTIVE,app,app
app/agent/package_detail.py,pandas,UNKNOWN,UNKNOWN,app,external_or_unknown
app/agent/package_detail.py,re,UNKNOWN,UNKNOWN,app,external_or_unknown
app/agent/package_detail.py,typing,UNKNOWN,UNKNOWN,app,external_or_unknown
app/agent/package_optimizer.py,__future__,UNKNOWN,UNKNOWN,app,external_or_unknown
app/agent/package_optimizer.py,app/agent/formula_trace.py,ACTIVE,ACTIVE,app,app
app/agent/package_optimizer.py,app/agent/utils.py,ACTIVE,ACTIVE,app,app
app/agent/package_optimizer.py,app/inference/config.py,ACTIVE,ACTIVE,app,app
app/agent/package_optimizer.py,math,UNKNOWN,UNKNOWN,app,external_or_unknown
app/agent/package_optimizer.py,pandas,UNKNOWN,UNKNOWN,app,external_or_unknown
app/agent/package_optimizer.py,typing,UNKNOWN,UNKNOWN,app,external_or_unknown
app/agent/pipeline_trace.py,__future__,UNKNOWN,UNKNOWN,app,external_or_unknown
app/agent/pipeline_trace.py,app/agent/condition_lookup.py,ACTIVE,ACTIVE,app,app
app/agent/pipeline_trace.py,app/agent/ingredient_engine.py,ACTIVE,ACTIVE,app,app
app/agent/pipeline_trace.py,app/agent/package_detail.py,ACTIVE,ACTIVE,app,app
app/agent/pipeline_trace.py,app/agent/utils.py,ACTIVE,ACTIVE,app,app
app/agent/pipeline_trace.py,typing,UNKNOWN,UNKNOWN,app,external_or_unknown
app/agent/response_assembler.py,__future__,UNKNOWN,UNKNOWN,app,external_or_unknown
app/agent/response_assembler.py,app/agent/bundle_engine.py,ACTIVE,ACTIVE,app,app
app/agent/response_assembler.py,app/agent/calculation_trace.py,ACTIVE,ACTIVE,app,app
app/agent/response_assembler.py,app/agent/condition_lookup.py,ACTIVE,ACTIVE,app,app
app/agent/response_assembler.py,app/agent/ingredient_engine.py,ACTIVE,ACTIVE,app,app
app/agent/response_assembler.py,app/agent/package_detail.py,ACTIVE,ACTIVE,app,app
app/agent/response_assembler.py,app/agent/package_optimizer.py,ACTIVE,ACTIVE,app,app
app/agent/response_assembler.py,app/agent/pipeline_trace.py,ACTIVE,ACTIVE,app,app
app/agent/response_assembler.py,app/agent/state.py,ACTIVE,ACTIVE,app,app
app/agent/response_assembler.py,app/agent/utils.py,ACTIVE,ACTIVE,app,app
app/agent/response_assembler.py,app/agent/variable_map.py,ACTIVE,ACTIVE,app,app
app/agent/response_assembler.py,app/agent/version.py,ACTIVE,ACTIVE,app,app
app/agent/response_assembler.py,app/agent/wellness_map.py,ACTIVE,ACTIVE,app,app
app/agent/response_assembler.py,app/data/runtime.py,ACTIVE,ACTIVE,app,app
app/agent/response_assembler.py,datetime,UNKNOWN,UNKNOWN,app,external_or_unknown
app/agent/response_assembler.py,pandas,UNKNOWN,UNKNOWN,app,external_or_unknown
app/agent/response_assembler.py,re,UNKNOWN,UNKNOWN,app,external_or_unknown
app/agent/response_assembler.py,typing,UNKNOWN,UNKNOWN,app,external_or_unknown
app/agent/state.py,__future__,UNKNOWN,UNKNOWN,app,external_or_unknown
app/agent/state.py,pydantic,UNKNOWN,UNKNOWN,app,external_or_unknown
app/agent/state.py,typing,UNKNOWN,UNKNOWN,app,external_or_unknown
app/agent/utils.py,__future__,UNKNOWN,UNKNOWN,app,external_or_unknown
app/agent/utils.py,app/data/repository.py,ACTIVE,ACTIVE,app,app
app/agent/utils.py,app/data/runtime.py,ACTIVE,ACTIVE,app,app
app/agent/utils.py,math,UNKNOWN,UNKNOWN,app,external_or_unknown
app/agent/utils.py,pandas,UNKNOWN,UNKNOWN,app,external_or_unknown
app/agent/utils.py,re,UNKNOWN,UNKNOWN,app,external_or_unknown
app/agent/utils.py,typing,UNKNOWN,UNKNOWN,app,external_or_unknown
app/agent/variable_map.py,__future__,UNKNOWN,UNKNOWN,app,external_or_unknown
app/agent/variable_map.py,typing,UNKNOWN,UNKNOWN,app,external_or_unknown
app/agent/wellness_map.py,__future__,UNKNOWN,UNKNOWN,app,external_or_unknown
app/agent/wellness_map.py,app/inference/resolver.py,ACTIVE,ACTIVE,app,app
app/agent/wellness_map.py,typing,UNKNOWN,UNKNOWN,app,external_or_unknown
app/api/evidence.py,__future__,UNKNOWN,UNKNOWN,app,external_or_unknown
app/api/evidence.py,app/agent/condition_lookup.py,ACTIVE,ACTIVE,app,app
app/api/evidence.py,app/agent/ingredient_engine.py,ACTIVE,ACTIVE,app,app
app/api/evidence.py,app/agent/utils.py,ACTIVE,ACTIVE,app,app
app/api/evidence.py,app/formulas/stages/optimization.py,ACTIVE,ACTIVE,app,app
app/api/evidence.py,math,UNKNOWN,UNKNOWN,app,external_or_unknown
app/api/evidence.py,pandas,UNKNOWN,UNKNOWN,app,external_or_unknown
app/api/evidence.py,typing,UNKNOWN,UNKNOWN,app,external_or_unknown
app/api/main.py,__future__,UNKNOWN,UNKNOWN,app,external_or_unknown
app/api/main.py,app/agent/engine.py,ACTIVE,ACTIVE,app,app
app/api/main.py,app/agent/state.py,ACTIVE,ACTIVE,app,app
app/api/main.py,app/agent/version.py,ACTIVE,ACTIVE,app,app
app/api/main.py,app/api/evidence.py,ACTIVE,ACTIVE,app,app
app/api/main.py,app/api/payload_adapter.py,ACTIVE,ACTIVE,app,app
app/api/main.py,app/core/paths.py,ACTIVE,ACTIVE,app,app
app/api/main.py,app/data/clinical_assessment.py,ACTIVE,ACTIVE,app,app
app/api/main.py,app/data/clinical_report_builder.py,ACTIVE,ACTIVE,app,app
app/api/main.py,app/data/report_generator.py,ACTIVE,ACTIVE,app,app
app/api/main.py,app/data/report_models.py,ACTIVE,ACTIVE,app,app
app/api/main.py,app/data/runtime.py,ACTIVE,ACTIVE,app,app
app/api/main.py,app/data/watcher.py,ACTIVE,ACTIVE,app,app
app/api/main.py,app/debug/clinical_execution_debug.py,ACTIVE,ACTIVE,app,app
app/api/main.py,app/science/audit.py,ACTIVE,ACTIVE,app,app
app/api/main.py,app/science/coverage.py,ACTIVE,ACTIVE,app,app
app/api/main.py,app/science/repository.py,ACTIVE,ACTIVE,app,app
app/api/main.py,app/science/versioning.py,ACTIVE,ACTIVE,app,app
app/api/main.py,authoring.builder,UNKNOWN,UNKNOWN,app,external_or_unknown
app/api/main.py,authoring.models,UNKNOWN,UNKNOWN,app,external_or_unknown
app/api/main.py,authoring.portal,UNKNOWN,UNKNOWN,app,external_or_unknown
app/api/main.py,contextlib,UNKNOWN,UNKNOWN,app,external_or_unknown
app/api/main.py,curation.conflict_resolution,UNKNOWN,UNKNOWN,app,external_or_unknown
app/api/main.py,curation.duplicate_detection,UNKNOWN,UNKNOWN,app,external_or_unknown
app/api/main.py,datetime,UNKNOWN,UNKNOWN,app,external_or_unknown
app/api/main.py,fastapi,UNKNOWN,UNKNOWN,app,external_or_unknown
app/api/main.py,fastapi.middleware.cors,UNKNOWN,UNKNOWN,app,external_or_unknown
app/api/main.py,fastapi.responses,UNKNOWN,UNKNOWN,app,external_or_unknown
app/api/main.py,logging,UNKNOWN,UNKNOWN,app,external_or_unknown
app/api/main.py,ontology,UNKNOWN,UNKNOWN,app,external_or_unknown
app/api/main.py,os,UNKNOWN,UNKNOWN,app,external_or_unknown
app/api/main.py,pathlib,UNKNOWN,UNKNOWN,app,external_or_unknown
app/api/main.py,typing,UNKNOWN,UNKNOWN,app,external_or_unknown
app/api/main.py,uvicorn,UNKNOWN,UNKNOWN,app,external_or_unknown
app/api/payload_adapter.py,__future__,UNKNOWN,UNKNOWN,app,external_or_unknown
app/api/payload_adapter.py,app/agent/state.py,ACTIVE,ACTIVE,app,app
app/api/payload_adapter.py,datetime,UNKNOWN,UNKNOWN,app,external_or_unknown
app/api/payload_adapter.py,re,UNKNOWN,UNKNOWN,app,external_or_unknown
app/api/payload_adapter.py,typing,UNKNOWN,UNKNOWN,app,external_or_unknown
app/core/__init__.py,app/core/paths.py,ACTIVE,ACTIVE,app,app
app/core/paths.py,__future__,UNKNOWN,UNKNOWN,app,external_or_unknown
app/core/paths.py,config/__init__.py,ACTIVE,ACTIVE,app,config
app/core/paths.py,os,UNKNOWN,UNKNOWN,app,external_or_unknown
app/core/paths.py,pathlib,UNKNOWN,UNKNOWN,app,external_or_unknown
app/data/__init__.py,__future__,UNKNOWN,UNKNOWN,app,external_or_unknown
app/data/__init__.py,app/data/repository.py,ACTIVE,ACTIVE,app,app
app/data/__init__.py,app/data/runtime.py,ACTIVE,ACTIVE,app,app
app/data/cache.py,__future__,UNKNOWN,UNKNOWN,app,external_or_unknown
app/data/cache.py,dataclasses,UNKNOWN,UNKNOWN,app,external_or_unknown
app/data/cache.py,datetime,UNKNOWN,UNKNOWN,app,external_or_unknown
app/data/cache.py,hashlib,UNKNOWN,UNKNOWN,app,external_or_unknown
app/data/cache.py,pathlib,UNKNOWN,UNKNOWN,app,external_or_unknown
app/data/clinical_assessment.py,__future__,UNKNOWN,UNKNOWN,app,external_or_unknown
app/data/clinical_assessment.py,app/agent/version.py,ACTIVE,ACTIVE,app,app
app/data/clinical_assessment.py,app/data/repository.py,ACTIVE,ACTIVE,app,app
app/data/clinical_assessment.py,datetime,UNKNOWN,UNKNOWN,app,external_or_unknown
app/data/clinical_assessment.py,typing,UNKNOWN,UNKNOWN,app,external_or_unknown
app/data/clinical_report_builder.py,__future__,UNKNOWN,UNKNOWN,app,external_or_unknown
app/data/clinical_report_builder.py,app/agent/utils.py,ACTIVE,ACTIVE,app,app
app/data/clinical_report_builder.py,pandas,UNKNOWN,UNKNOWN,app,external_or_unknown
app/data/clinical_report_builder.py,re,UNKNOWN,UNKNOWN,app,external_or_unknown
app/data/clinical_report_builder.py,typing,UNKNOWN,UNKNOWN,app,external_or_unknown
app/data/loader.py,__future__,UNKNOWN,UNKNOWN,app,external_or_unknown
app/data/loader.py,app/data/native_loader.py,ACTIVE,ACTIVE,app,app
app/data/loader.py,app/data/schemas.py,ACTIVE,ACTIVE,app,app
app/data/loader.py,logging,UNKNOWN,UNKNOWN,app,external_or_unknown
app/data/loader.py,pandas,UNKNOWN,UNKNOWN,app,external_or_unknown
app/data/loader.py,pathlib,UNKNOWN,UNKNOWN,app,external_or_unknown
app/data/native_loader.py,__future__,UNKNOWN,UNKNOWN,app,external_or_unknown
app/data/native_loader.py,app/data/schemas.py,ACTIVE,ACTIVE,app,app
app/data/native_loader.py,json,UNKNOWN,UNKNOWN,app,external_or_unknown
app/data/native_loader.py,logging,UNKNOWN,UNKNOWN,app,external_or_unknown
app/data/native_loader.py,pandas,UNKNOWN,UNKNOWN,app,external_or_unknown
app/data/native_loader.py,pathlib,UNKNOWN,UNKNOWN,app,external_or_unknown
app/data/report_generator.py,__future__,UNKNOWN,UNKNOWN,app,external_or_unknown
app/data/report_generator.py,app/agent/package_optimizer.py,ACTIVE,ACTIVE,app,app
app/data/report_generator.py,app/agent/utils.py,ACTIVE,ACTIVE,app,app
app/data/report_generator.py,app/data/report_schema.py,ACTIVE,ACTIVE,app,app
app/data/report_generator.py,pandas,UNKNOWN,UNKNOWN,app,external_or_unknown
app/data/report_generator.py,typing,UNKNOWN,UNKNOWN,app,external_or_unknown
app/data/report_models.py,__future__,UNKNOWN,UNKNOWN,app,external_or_unknown
app/data/report_models.py,app/agent/utils.py,ACTIVE,ACTIVE,app,app
app/data/report_models.py,app/data/report_generator.py,ACTIVE,ACTIVE,app,app
app/data/report_models.py,typing,UNKNOWN,UNKNOWN,app,external_or_unknown
app/data/report_schema.py,__future__,UNKNOWN,UNKNOWN,app,external_or_unknown
app/data/report_schema.py,datetime,UNKNOWN,UNKNOWN,app,external_or_unknown
app/data/report_schema.py,typing,UNKNOWN,UNKNOWN,app,external_or_unknown
app/data/repository.py,__future__,UNKNOWN,UNKNOWN,app,external_or_unknown
app/data/repository.py,app/core/paths.py,ACTIVE,ACTIVE,app,app
app/data/repository.py,app/data/cache.py,ACTIVE,ACTIVE,app,app
app/data/repository.py,app/data/loader.py,ACTIVE,ACTIVE,app,app
app/data/repository.py,app/data/native_loader.py,ACTIVE,ACTIVE,app,app
app/data/repository.py,app/data/runtime.py,ACTIVE,ACTIVE,app,app
app/data/repository.py,app/data/schemas.py,ACTIVE,ACTIVE,app,app
app/data/repository.py,app/data/validators.py,ACTIVE,ACTIVE,app,app
app/data/repository.py,logging,UNKNOWN,UNKNOWN,app,external_or_unknown
app/data/repository.py,pandas,UNKNOWN,UNKNOWN,app,external_or_unknown
app/data/repository.py,pathlib,UNKNOWN,UNKNOWN,app,external_or_unknown
app/data/repository.py,typing,UNKNOWN,UNKNOWN,app,external_or_unknown
app/data/repository.py,warehouse/repository/scientific.py,ACTIVE,ACTIVE,app,warehouse
app/data/runtime.py,__future__,UNKNOWN,UNKNOWN,app,external_or_unknown
app/data/runtime.py,app/data/cache.py,ACTIVE,ACTIVE,app,app
app/data/runtime.py,app/data/repository.py,ACTIVE,ACTIVE,app,app
app/data/runtime.py,logging,UNKNOWN,UNKNOWN,app,external_or_unknown
app/data/runtime.py,pathlib,UNKNOWN,UNKNOWN,app,external_or_unknown
app/data/runtime.py,threading,UNKNOWN,UNKNOWN,app,external_or_unknown
app/data/runtime.py,typing,UNKNOWN,UNKNOWN,app,external_or_unknown
app/data/schemas.py,__future__,UNKNOWN,UNKNOWN,app,external_or_unknown
app/data/schemas.py,dataclasses,UNKNOWN,UNKNOWN,app,external_or_unknown
app/data/schemas.py,pathlib,UNKNOWN,UNKNOWN,app,external_or_unknown
app/data/schemas.py,typing,UNKNOWN,UNKNOWN,app,external_or_unknown
app/data/schemas.py,yaml,UNKNOWN,UNKNOWN,app,external_or_unknown
app/data/validators.py,__future__,UNKNOWN,UNKNOWN,app,external_or_unknown
app/data/validators.py,app/data/schemas.py,ACTIVE,ACTIVE,app,app
app/data/validators.py,dataclasses,UNKNOWN,UNKNOWN,app,external_or_unknown
app/data/validators.py,logging,UNKNOWN,UNKNOWN,app,external_or_unknown
app/data/validators.py,pandas,UNKNOWN,UNKNOWN,app,external_or_unknown
app/data/warehouse/__init__.py,__future__,UNKNOWN,UNKNOWN,app,external_or_unknown
app/data/warehouse/__init__.py,app/data/warehouse/__init__.py,ACTIVE,ACTIVE,app,app
app/data/warehouse/__init__.py,app/data/warehouse/papers.py,ACTIVE,ACTIVE,app,app
app/data/warehouse/__init__.py,app/data/warehouse/parameters.py,ACTIVE,ACTIVE,app,app
app/data/warehouse/__init__.py,app/data/warehouse/parity.py,ACTIVE,ACTIVE,app,app
app/data/warehouse/__init__.py,app/data/warehouse/units.py,ACTIVE,ACTIVE,app,app
app/data/warehouse/__init__.py,typing,UNKNOWN,UNKNOWN,app,external_or_unknown
app/data/warehouse/ingredients.py,__future__,UNKNOWN,UNKNOWN,app,external_or_unknown
app/data/warehouse/ingredients.py,app/agent/condition_lookup.py,ACTIVE,ACTIVE,app,app
app/data/warehouse/ingredients.py,app/data/repository.py,ACTIVE,ACTIVE,app,app
app/data/warehouse/ingredients.py,dataclasses,UNKNOWN,UNKNOWN,app,external_or_unknown
app/data/warehouse/ingredients.py,pandas,UNKNOWN,UNKNOWN,app,external_or_unknown
app/data/warehouse/ingredients.py,typing,UNKNOWN,UNKNOWN,app,external_or_unknown
app/data/warehouse/papers.py,__future__,UNKNOWN,UNKNOWN,app,external_or_unknown
app/data/warehouse/papers.py,hashlib,UNKNOWN,UNKNOWN,app,external_or_unknown
app/data/warehouse/papers.py,pandas,UNKNOWN,UNKNOWN,app,external_or_unknown
app/data/warehouse/papers.py,typing,UNKNOWN,UNKNOWN,app,external_or_unknown
app/data/warehouse/parameters.py,__future__,UNKNOWN,UNKNOWN,app,external_or_unknown
app/data/warehouse/parameters.py,app/inference/config.py,ACTIVE,ACTIVE,app,app
app/data/warehouse/parameters.py,pandas,UNKNOWN,UNKNOWN,app,external_or_unknown
app/data/warehouse/parameters.py,pathlib,UNKNOWN,UNKNOWN,app,external_or_unknown
app/data/warehouse/parameters.py,typing,UNKNOWN,UNKNOWN,app,external_or_unknown
app/data/warehouse/parity.py,__future__,UNKNOWN,UNKNOWN,app,external_or_unknown
app/data/warehouse/parity.py,hashlib,UNKNOWN,UNKNOWN,app,external_or_unknown
app/data/warehouse/parity.py,json,UNKNOWN,UNKNOWN,app,external_or_unknown
app/data/warehouse/parity.py,typing,UNKNOWN,UNKNOWN,app,external_or_unknown
app/data/warehouse/units.py,__future__,UNKNOWN,UNKNOWN,app,external_or_unknown
app/data/warehouse/units.py,dataclasses,UNKNOWN,UNKNOWN,app,external_or_unknown
app/data/warehouse/units.py,pandas,UNKNOWN,UNKNOWN,app,external_or_unknown
app/data/warehouse/units.py,pathlib,UNKNOWN,UNKNOWN,app,external_or_unknown
app/data/warehouse/units.py,typing,UNKNOWN,UNKNOWN,app,external_or_unknown
app/data/watcher.py,__future__,UNKNOWN,UNKNOWN,app,external_or_unknown
app/data/watcher.py,app/data/runtime.py,ACTIVE,ACTIVE,app,app
app/data/watcher.py,logging,UNKNOWN,UNKNOWN,app,external_or_unknown
app/data/watcher.py,pathlib,UNKNOWN,UNKNOWN,app,external_or_unknown
app/data/watcher.py,threading,UNKNOWN,UNKNOWN,app,external_or_unknown
app/data/watcher.py,typing,UNKNOWN,UNKNOWN,app,external_or_unknown
app/data/watcher.py,watchdog.events,UNKNOWN,UNKNOWN,app,external_or_unknown
app/data/watcher.py,watchdog.observers,UNKNOWN,UNKNOWN,app,external_or_unknown
app/debug/__init__.py,app/debug/clinical_execution_debug.py,ACTIVE,ACTIVE,app,app
app/debug/clinical_execution_debug.py,__future__,UNKNOWN,UNKNOWN,app,external_or_unknown
app/debug/clinical_execution_debug.py,app/agent/version.py,ACTIVE,ACTIVE,app,app
app/debug/clinical_execution_debug.py,app/data/loader.py,ACTIVE,ACTIVE,app,app
app/debug/clinical_execution_debug.py,app/data/repository.py,ACTIVE,ACTIVE,app,app
app/debug/clinical_execution_debug.py,app/inference/formula_registry.py,ACTIVE,ACTIVE,app,app
app/debug/clinical_execution_debug.py,app/inference/models.py,ACTIVE,ACTIVE,app,app
app/debug/clinical_execution_debug.py,app/inference/resolver.py,ACTIVE,ACTIVE,app,app
app/debug/clinical_execution_debug.py,app/inference/risk.py,ACTIVE,ACTIVE,app,app
app/debug/clinical_execution_debug.py,datetime,UNKNOWN,UNKNOWN,app,external_or_unknown
app/debug/clinical_execution_debug.py,os,UNKNOWN,UNKNOWN,app,external_or_unknown
app/debug/clinical_execution_debug.py,pathlib,UNKNOWN,UNKNOWN,app,external_or_unknown
app/debug/clinical_execution_debug.py,sys,UNKNOWN,UNKNOWN,app,external_or_unknown
app/debug/clinical_execution_debug.py,threading,UNKNOWN,UNKNOWN,app,external_or_unknown
app/debug/clinical_execution_debug.py,time,UNKNOWN,UNKNOWN,app,external_or_unknown
app/debug/clinical_execution_debug.py,typing,UNKNOWN,UNKNOWN,app,external_or_unknown
app/debug/clinical_execution_debug.py,uuid,UNKNOWN,UNKNOWN,app,external_or_unknown
app/debug/clinical_execution_debug.py,webbrowser,UNKNOWN,UNKNOWN,app,external_or_unknown
app/formulas/__init__.py,app/formulas/stages/biological.py,ACTIVE,ACTIVE,app,app
app/formulas/__init__.py,app/formulas/stages/epidemiology.py,ACTIVE,ACTIVE,app,app
app/formulas/__init__.py,app/formulas/stages/nutrition.py,ACTIVE,ACTIVE,app,app
app/formulas/__init__.py,app/formulas/stages/optimization.py,ACTIVE,ACTIVE,app,app
app/formulas/stages/__init__.py,app/formulas/stages/biological.py,ACTIVE,ACTIVE,app,app
app/formulas/stages/__init__.py,app/formulas/stages/epidemiology.py,ACTIVE,ACTIVE,app,app
app/formulas/stages/__init__.py,app/formulas/stages/nutrition.py,ACTIVE,ACTIVE,app,app
app/formulas/stages/__init__.py,app/formulas/stages/optimization.py,ACTIVE,ACTIVE,app,app
app/formulas/stages/biological.py,__future__,UNKNOWN,UNKNOWN,app,external_or_unknown
app/formulas/stages/biological.py,app/agent/state.py,ACTIVE,ACTIVE,app,app
app/formulas/stages/biological.py,app/agent/utils.py,ACTIVE,ACTIVE,app,app
app/formulas/stages/biological.py,logging,UNKNOWN,UNKNOWN,app,external_or_unknown
app/formulas/stages/biological.py,pandas,UNKNOWN,UNKNOWN,app,external_or_unknown
app/formulas/stages/biological.py,typing,UNKNOWN,UNKNOWN,app,external_or_unknown
app/formulas/stages/epidemiology.py,__future__,UNKNOWN,UNKNOWN,app,external_or_unknown
app/formulas/stages/epidemiology.py,app/agent/state.py,ACTIVE,ACTIVE,app,app
app/formulas/stages/epidemiology.py,app/agent/utils.py,ACTIVE,ACTIVE,app,app
app/formulas/stages/epidemiology.py,logging,UNKNOWN,UNKNOWN,app,external_or_unknown
app/formulas/stages/epidemiology.py,pandas,UNKNOWN,UNKNOWN,app,external_or_unknown
app/formulas/stages/epidemiology.py,typing,UNKNOWN,UNKNOWN,app,external_or_unknown
app/formulas/stages/health_risk.py,__future__,UNKNOWN,UNKNOWN,app,external_or_unknown
app/formulas/stages/health_risk.py,app/agent/formula_trace.py,ACTIVE,ACTIVE,app,app
app/formulas/stages/health_risk.py,app/agent/state.py,ACTIVE,ACTIVE,app,app
app/formulas/stages/health_risk.py,app/agent/utils.py,ACTIVE,ACTIVE,app,app
app/formulas/stages/health_risk.py,app/inference/config.py,ACTIVE,ACTIVE,app,app
app/formulas/stages/health_risk.py,copy,UNKNOWN,UNKNOWN,app,external_or_unknown
app/formulas/stages/health_risk.py,math,UNKNOWN,UNKNOWN,app,external_or_unknown
app/formulas/stages/health_risk.py,pandas,UNKNOWN,UNKNOWN,app,external_or_unknown
app/formulas/stages/health_risk.py,re,UNKNOWN,UNKNOWN,app,external_or_unknown
app/formulas/stages/health_risk.py,typing,UNKNOWN,UNKNOWN,app,external_or_unknown
app/formulas/stages/nutrition.py,__future__,UNKNOWN,UNKNOWN,app,external_or_unknown
app/formulas/stages/nutrition.py,app/agent/state.py,ACTIVE,ACTIVE,app,app
app/formulas/stages/nutrition.py,app/agent/utils.py,ACTIVE,ACTIVE,app,app
app/formulas/stages/nutrition.py,logging,UNKNOWN,UNKNOWN,app,external_or_unknown
app/formulas/stages/nutrition.py,pandas,UNKNOWN,UNKNOWN,app,external_or_unknown
app/formulas/stages/nutrition.py,typing,UNKNOWN,UNKNOWN,app,external_or_unknown
app/formulas/stages/optimization.py,__future__,UNKNOWN,UNKNOWN,app,external_or_unknown
app/formulas/stages/optimization.py,app/agent/state.py,ACTIVE,ACTIVE,app,app
app/formulas/stages/optimization.py,app/agent/utils.py,ACTIVE,ACTIVE,app,app
app/formulas/stages/optimization.py,app/data/runtime.py,ACTIVE,ACTIVE,app,app
app/formulas/stages/optimization.py,logging,UNKNOWN,UNKNOWN,app,external_or_unknown
app/formulas/stages/optimization.py,pandas,UNKNOWN,UNKNOWN,app,external_or_unknown
app/formulas/stages/optimization.py,typing,UNKNOWN,UNKNOWN,app,external_or_unknown
app/inference/__init__.py,app/inference/__init__.py,ACTIVE,ACTIVE,app,app
app/inference/__init__.py,app/inference/models.py,ACTIVE,ACTIVE,app,app
app/inference/confidence.py,__future__,UNKNOWN,UNKNOWN,app,external_or_unknown
app/inference/confidence.py,typing,UNKNOWN,UNKNOWN,app,external_or_unknown
app/inference/config.py,__future__,UNKNOWN,UNKNOWN,app,external_or_unknown
app/inference/config.py,typing,UNKNOWN,UNKNOWN,app,external_or_unknown
app/inference/formula_registry.py,__future__,UNKNOWN,UNKNOWN,app,external_or_unknown
app/inference/formula_registry.py,app/agent/version.py,ACTIVE,ACTIVE,app,app
app/inference/formula_registry.py,typing,UNKNOWN,UNKNOWN,app,external_or_unknown
app/inference/ingredient.py,__future__,UNKNOWN,UNKNOWN,app,external_or_unknown
app/inference/ingredient.py,app/inference/confidence.py,ACTIVE,ACTIVE,app,app
app/inference/ingredient.py,app/inference/config.py,ACTIVE,ACTIVE,app,app
app/inference/ingredient.py,app/inference/models.py,ACTIVE,ACTIVE,app,app
app/inference/ingredient.py,app/inference/resolver.py,ACTIVE,ACTIVE,app,app
app/inference/ingredient.py,pandas,UNKNOWN,UNKNOWN,app,external_or_unknown
app/inference/ingredient.py,typing,UNKNOWN,UNKNOWN,app,external_or_unknown
app/inference/models.py,__future__,UNKNOWN,UNKNOWN,app,external_or_unknown
app/inference/models.py,dataclasses,UNKNOWN,UNKNOWN,app,external_or_unknown
app/inference/models.py,typing,UNKNOWN,UNKNOWN,app,external_or_unknown
app/inference/nutrition.py,__future__,UNKNOWN,UNKNOWN,app,external_or_unknown
app/inference/nutrition.py,app/inference/confidence.py,ACTIVE,ACTIVE,app,app
app/inference/nutrition.py,app/inference/models.py,ACTIVE,ACTIVE,app,app
app/inference/nutrition.py,typing,UNKNOWN,UNKNOWN,app,external_or_unknown
app/inference/resolver.py,__future__,UNKNOWN,UNKNOWN,app,external_or_unknown
app/inference/resolver.py,pandas,UNKNOWN,UNKNOWN,app,external_or_unknown
app/inference/resolver.py,re,UNKNOWN,UNKNOWN,app,external_or_unknown
app/inference/resolver.py,typing,UNKNOWN,UNKNOWN,app,external_or_unknown
app/inference/risk.py,__future__,UNKNOWN,UNKNOWN,app,external_or_unknown
app/inference/risk.py,app/inference/models.py,ACTIVE,ACTIVE,app,app
app/inference/risk.py,typing,UNKNOWN,UNKNOWN,app,external_or_unknown
app/inference/score.py,__future__,UNKNOWN,UNKNOWN,app,external_or_unknown
app/inference/score.py,app/inference/config.py,ACTIVE,ACTIVE,app,app
app/inference/score.py,app/inference/models.py,ACTIVE,ACTIVE,app,app
app/inference/score.py,typing,UNKNOWN,UNKNOWN,app,external_or_unknown
app/main.py,app/api/main.py,ACTIVE,ACTIVE,app,app
app/science/__init__.py,__future__,UNKNOWN,UNKNOWN,app,external_or_unknown
app/science/__init__.py,app/science/audit.py,ACTIVE,ACTIVE,app,app
app/science/__init__.py,app/science/builder.py,ACTIVE,ACTIVE,app,app
app/science/__init__.py,app/science/confidence.py,ACTIVE,ACTIVE,app,app
app/science/__init__.py,app/science/coverage.py,ACTIVE,ACTIVE,app,app
app/science/__init__.py,app/science/diff_engine.py,ACTIVE,ACTIVE,app,app
app/science/__init__.py,app/science/explanations.py,ACTIVE,ACTIVE,app,app
app/science/__init__.py,app/science/graph.py,ACTIVE,ACTIVE,app,app
app/science/__init__.py,app/science/models.py,ACTIVE,ACTIVE,app,app
app/science/__init__.py,app/science/repository.py,ACTIVE,ACTIVE,app,app
app/science/__init__.py,app/science/validator.py,ACTIVE,ACTIVE,app,app
app/science/__init__.py,app/science/versioning.py,ACTIVE,ACTIVE,app,app
app/science/attach.py,__future__,UNKNOWN,UNKNOWN,app,external_or_unknown
app/science/attach.py,app/agent/assessment_result.py,ACTIVE,ACTIVE,app,app
app/science/attach.py,app/agent/state.py,ACTIVE,ACTIVE,app,app
app/science/attach.py,app/data/repository.py,ACTIVE,ACTIVE,app,app
app/science/attach.py,app/science/builder.py,ACTIVE,ACTIVE,app,app
app/science/attach.py,app/science/confidence.py,ACTIVE,ACTIVE,app,app
app/science/attach.py,app/science/coverage.py,ACTIVE,ACTIVE,app,app
app/science/attach.py,app/science/explanations.py,ACTIVE,ACTIVE,app,app
app/science/attach.py,app/science/repository.py,ACTIVE,ACTIVE,app,app
app/science/attach.py,app/science/versioning.py,ACTIVE,ACTIVE,app,app
app/science/attach.py,typing,UNKNOWN,UNKNOWN,app,external_or_unknown
app/science/audit.py,__future__,UNKNOWN,UNKNOWN,app,external_or_unknown
app/science/audit.py,app/data/repository.py,ACTIVE,ACTIVE,app,app
app/science/audit.py,app/science/builder.py,ACTIVE,ACTIVE,app,app
app/science/audit.py,app/science/coverage.py,ACTIVE,ACTIVE,app,app
app/science/audit.py,app/science/validator.py,ACTIVE,ACTIVE,app,app
app/science/audit.py,app/science/versioning.py,ACTIVE,ACTIVE,app,app
app/science/audit.py,json,UNKNOWN,UNKNOWN,app,external_or_unknown
app/science/audit.py,pathlib,UNKNOWN,UNKNOWN,app,external_or_unknown
app/science/audit.py,typing,UNKNOWN,UNKNOWN,app,external_or_unknown
app/science/builder.py,__future__,UNKNOWN,UNKNOWN,app,external_or_unknown
app/science/builder.py,app/data/repository.py,ACTIVE,ACTIVE,app,app
app/science/builder.py,app/science/graph.py,ACTIVE,ACTIVE,app,app
app/science/builder.py,app/science/models.py,ACTIVE,ACTIVE,app,app
app/science/builder.py,hashlib,UNKNOWN,UNKNOWN,app,external_or_unknown
app/science/builder.py,typing,UNKNOWN,UNKNOWN,app,external_or_unknown
app/science/confidence.py,__future__,UNKNOWN,UNKNOWN,app,external_or_unknown
app/science/confidence.py,dataclasses,UNKNOWN,UNKNOWN,app,external_or_unknown
app/science/confidence.py,typing,UNKNOWN,UNKNOWN,app,external_or_unknown
app/science/coverage.py,__future__,UNKNOWN,UNKNOWN,app,external_or_unknown
app/science/coverage.py,app/science/graph.py,ACTIVE,ACTIVE,app,app
app/science/coverage.py,app/science/repository.py,ACTIVE,ACTIVE,app,app
app/science/coverage.py,typing,UNKNOWN,UNKNOWN,app,external_or_unknown
app/science/diff_engine.py,__future__,UNKNOWN,UNKNOWN,app,external_or_unknown
app/science/diff_engine.py,app/science/graph.py,ACTIVE,ACTIVE,app,app
app/science/diff_engine.py,typing,UNKNOWN,UNKNOWN,app,external_or_unknown
app/science/explanations.py,__future__,UNKNOWN,UNKNOWN,app,external_or_unknown
app/science/explanations.py,dataclasses,UNKNOWN,UNKNOWN,app,external_or_unknown
app/science/explanations.py,typing,UNKNOWN,UNKNOWN,app,external_or_unknown
app/science/graph.py,__future__,UNKNOWN,UNKNOWN,app,external_or_unknown
app/science/graph.py,app/science/models.py,ACTIVE,ACTIVE,app,app
app/science/graph.py,collections,UNKNOWN,UNKNOWN,app,external_or_unknown
app/science/graph.py,typing,UNKNOWN,UNKNOWN,app,external_or_unknown
app/science/models.py,__future__,UNKNOWN,UNKNOWN,app,external_or_unknown
app/science/models.py,dataclasses,UNKNOWN,UNKNOWN,app,external_or_unknown
app/science/models.py,typing,UNKNOWN,UNKNOWN,app,external_or_unknown
app/science/repository.py,__future__,UNKNOWN,UNKNOWN,app,external_or_unknown
app/science/repository.py,app/data/repository.py,ACTIVE,ACTIVE,app,app
app/science/repository.py,app/data/runtime.py,ACTIVE,ACTIVE,app,app
app/science/repository.py,app/science/builder.py,ACTIVE,ACTIVE,app,app
app/science/repository.py,app/science/graph.py,ACTIVE,ACTIVE,app,app
app/science/repository.py,app/science/models.py,ACTIVE,ACTIVE,app,app
app/science/repository.py,functools,UNKNOWN,UNKNOWN,app,external_or_unknown
app/science/repository.py,typing,UNKNOWN,UNKNOWN,app,external_or_unknown
app/science/validator.py,__future__,UNKNOWN,UNKNOWN,app,external_or_unknown
app/science/validator.py,app/data/repository.py,ACTIVE,ACTIVE,app,app
app/science/validator.py,app/data/warehouse/papers.py,ACTIVE,ACTIVE,app,app
app/science/validator.py,app/science/builder.py,ACTIVE,ACTIVE,app,app
app/science/validator.py,collections,UNKNOWN,UNKNOWN,app,external_or_unknown
app/science/validator.py,typing,UNKNOWN,UNKNOWN,app,external_or_unknown
app/science/versioning.py,__future__,UNKNOWN,UNKNOWN,app,external_or_unknown
app/science/versioning.py,app/agent/version.py,ACTIVE,ACTIVE,app,app
app/science/versioning.py,dataclasses,UNKNOWN,UNKNOWN,app,external_or_unknown
app/science/versioning.py,datetime,UNKNOWN,UNKNOWN,app,external_or_unknown
app/science/versioning.py,pathlib,UNKNOWN,UNKNOWN,app,external_or_unknown
app/science/versioning.py,typing,UNKNOWN,UNKNOWN,app,external_or_unknown
app/ui/demo_app.py,app/ui/renderer/navigation.py,ACTIVE,ACTIVE,app,app
app/ui/renderer/__init__.py,app/ui/renderer/diary.py,ACTIVE,ACTIVE,app,app
app/ui/renderer/__init__.py,app/ui/renderer/formatters.py,ACTIVE,ACTIVE,app,app
app/ui/renderer/__init__.py,app/ui/renderer/home.py,ACTIVE,ACTIVE,app,app
app/ui/renderer/__init__.py,app/ui/renderer/journey.py,ACTIVE,ACTIVE,app,app
app/ui/renderer/__init__.py,app/ui/renderer/navigation.py,ACTIVE,ACTIVE,app,app
app/ui/renderer/__init__.py,app/ui/renderer/template_engine.py,ACTIVE,ACTIVE,app,app
app/ui/renderer/__init__.py,app/ui/renderer/wellness.py,ACTIVE,ACTIVE,app,app
app/ui/renderer/diary.py,__future__,UNKNOWN,UNKNOWN,app,external_or_unknown
app/ui/renderer/diary.py,dataclasses,UNKNOWN,UNKNOWN,app,external_or_unknown
app/ui/renderer/diary.py,typing,UNKNOWN,UNKNOWN,app,external_or_unknown
app/ui/renderer/formatters.py,__future__,UNKNOWN,UNKNOWN,app,external_or_unknown
app/ui/renderer/formatters.py,dataclasses,UNKNOWN,UNKNOWN,app,external_or_unknown
app/ui/renderer/formatters.py,typing,UNKNOWN,UNKNOWN,app,external_or_unknown
app/ui/renderer/home.py,__future__,UNKNOWN,UNKNOWN,app,external_or_unknown
app/ui/renderer/home.py,dataclasses,UNKNOWN,UNKNOWN,app,external_or_unknown
app/ui/renderer/home.py,typing,UNKNOWN,UNKNOWN,app,external_or_unknown
app/ui/renderer/journey.py,__future__,UNKNOWN,UNKNOWN,app,external_or_unknown
app/ui/renderer/journey.py,app/agent/state.py,ACTIVE,ACTIVE,app,app
app/ui/renderer/journey.py,app/agent/utils.py,ACTIVE,ACTIVE,app,app
app/ui/renderer/journey.py,app/ui/renderer/diary.py,ACTIVE,ACTIVE,app,app
app/ui/renderer/journey.py,app/ui/renderer/home.py,ACTIVE,ACTIVE,app,app
app/ui/renderer/journey.py,app/ui/renderer/wellness.py,ACTIVE,ACTIVE,app,app
app/ui/renderer/journey.py,dataclasses,UNKNOWN,UNKNOWN,app,external_or_unknown
app/ui/renderer/journey.py,typing,UNKNOWN,UNKNOWN,app,external_or_unknown
app/ui/renderer/navigation.py,__future__,UNKNOWN,UNKNOWN,app,external_or_unknown
app/ui/renderer/navigation.py,app/agent/engine.py,ACTIVE,ACTIVE,app,app
app/ui/renderer/navigation.py,app/agent/state.py,ACTIVE,ACTIVE,app,app
app/ui/renderer/navigation.py,app/agent/utils.py,ACTIVE,ACTIVE,app,app
app/ui/renderer/navigation.py,app/core/paths.py,ACTIVE,ACTIVE,app,app
app/ui/renderer/navigation.py,app/ui/renderer/formatters.py,ACTIVE,ACTIVE,app,app
app/ui/renderer/navigation.py,app/ui/renderer/journey.py,ACTIVE,ACTIVE,app,app
app/ui/renderer/navigation.py,app/ui/renderer/template_engine.py,ACTIVE,ACTIVE,app,app
app/ui/renderer/navigation.py,asyncio,UNKNOWN,UNKNOWN,app,external_or_unknown
app/ui/renderer/navigation.py,os,UNKNOWN,UNKNOWN,app,external_or_unknown
app/ui/renderer/navigation.py,streamlit,UNKNOWN,UNKNOWN,app,external_or_unknown
app/ui/renderer/navigation.py,typing,UNKNOWN,UNKNOWN,app,external_or_unknown
app/ui/renderer/template_engine.py,__future__,UNKNOWN,UNKNOWN,app,external_or_unknown
app/ui/renderer/template_engine.py,functools,UNKNOWN,UNKNOWN,app,external_or_unknown
app/ui/renderer/template_engine.py,jinja2,UNKNOWN,UNKNOWN,app,external_or_unknown
app/ui/renderer/template_engine.py,pathlib,UNKNOWN,UNKNOWN,app,external_or_unknown
app/ui/renderer/template_engine.py,typing,UNKNOWN,UNKNOWN,app,external_or_unknown
app/ui/renderer/wellness.py,__future__,UNKNOWN,UNKNOWN,app,external_or_unknown
app/ui/renderer/wellness.py,app/agent/state.py,ACTIVE,ACTIVE,app,app
app/ui/renderer/wellness.py,app/agent/utils.py,ACTIVE,ACTIVE,app,app
app/ui/renderer/wellness.py,app/ui/renderer/formatters.py,ACTIVE,ACTIVE,app,app
app/ui/renderer/wellness.py,dataclasses,UNKNOWN,UNKNOWN,app,external_or_unknown
app/ui/renderer/wellness.py,typing,UNKNOWN,UNKNOWN,app,external_or_unknown
config/__init__.py,config/settings.py,ACTIVE,ACTIVE,config,config
config/settings.py,__future__,UNKNOWN,UNKNOWN,config,external_or_unknown
config/settings.py,dataclasses,UNKNOWN,UNKNOWN,config,external_or_unknown
config/settings.py,functools,UNKNOWN,UNKNOWN,config,external_or_unknown
config/settings.py,os,UNKNOWN,UNKNOWN,config,external_or_unknown
config/settings.py,pathlib,UNKNOWN,UNKNOWN,config,external_or_unknown
legacy/authoring/__main__.py,authoring.pipeline,UNKNOWN,UNKNOWN,legacy,external_or_unknown
legacy/authoring/builder.py,__future__,UNKNOWN,UNKNOWN,legacy,external_or_unknown
legacy/authoring/builder.py,authoring.models,UNKNOWN,UNKNOWN,legacy,external_or_unknown
legacy/authoring/builder.py,csv,UNKNOWN,UNKNOWN,legacy,external_or_unknown
legacy/authoring/builder.py,curation.evidence_ranking,UNKNOWN,UNKNOWN,legacy,external_or_unknown
legacy/authoring/builder.py,datetime,UNKNOWN,UNKNOWN,legacy,external_or_unknown
legacy/authoring/builder.py,json,UNKNOWN,UNKNOWN,legacy,external_or_unknown
legacy/authoring/builder.py,pathlib,UNKNOWN,UNKNOWN,legacy,external_or_unknown
legacy/authoring/builder.py,science_pipeline.provenance,UNKNOWN,UNKNOWN,legacy,external_or_unknown
legacy/authoring/builder.py,typing,UNKNOWN,UNKNOWN,legacy,external_or_unknown
legacy/authoring/explorer.py,__future__,UNKNOWN,UNKNOWN,legacy,external_or_unknown
legacy/authoring/explorer.py,app/core/paths.py,ACTIVE,ACTIVE,legacy,app
legacy/authoring/explorer.py,app/data/repository.py,ACTIVE,ACTIVE,legacy,app
legacy/authoring/explorer.py,app/science/builder.py,ACTIVE,ACTIVE,legacy,app
legacy/authoring/explorer.py,json,UNKNOWN,UNKNOWN,legacy,external_or_unknown
legacy/authoring/explorer.py,ontology,UNKNOWN,UNKNOWN,legacy,external_or_unknown
legacy/authoring/explorer.py,pathlib,UNKNOWN,UNKNOWN,legacy,external_or_unknown
legacy/authoring/ml_sandbox.py,__future__,UNKNOWN,UNKNOWN,legacy,external_or_unknown
legacy/authoring/ml_sandbox.py,app/core/paths.py,ACTIVE,ACTIVE,legacy,app
legacy/authoring/ml_sandbox.py,app/data/repository.py,ACTIVE,ACTIVE,legacy,app
legacy/authoring/ml_sandbox.py,app/science/builder.py,ACTIVE,ACTIVE,legacy,app
legacy/authoring/ml_sandbox.py,app/science/coverage.py,ACTIVE,ACTIVE,legacy,app
legacy/authoring/ml_sandbox.py,collections,UNKNOWN,UNKNOWN,legacy,external_or_unknown
legacy/authoring/ml_sandbox.py,curation.duplicate_detection,UNKNOWN,UNKNOWN,legacy,external_or_unknown
legacy/authoring/ml_sandbox.py,datetime,UNKNOWN,UNKNOWN,legacy,external_or_unknown
legacy/authoring/ml_sandbox.py,json,UNKNOWN,UNKNOWN,legacy,external_or_unknown
legacy/authoring/ml_sandbox.py,pathlib,UNKNOWN,UNKNOWN,legacy,external_or_unknown
legacy/authoring/ml_sandbox.py,typing,UNKNOWN,UNKNOWN,legacy,external_or_unknown
legacy/authoring/models.py,__future__,UNKNOWN,UNKNOWN,legacy,external_or_unknown
legacy/authoring/models.py,dataclasses,UNKNOWN,UNKNOWN,legacy,external_or_unknown
legacy/authoring/models.py,datetime,UNKNOWN,UNKNOWN,legacy,external_or_unknown
legacy/authoring/models.py,json,UNKNOWN,UNKNOWN,legacy,external_or_unknown
legacy/authoring/models.py,pathlib,UNKNOWN,UNKNOWN,legacy,external_or_unknown
legacy/authoring/models.py,re,UNKNOWN,UNKNOWN,legacy,external_or_unknown
legacy/authoring/models.py,typing,UNKNOWN,UNKNOWN,legacy,external_or_unknown
legacy/authoring/models.py,uuid,UNKNOWN,UNKNOWN,legacy,external_or_unknown
legacy/authoring/pipeline.py,__future__,UNKNOWN,UNKNOWN,legacy,external_or_unknown
legacy/authoring/pipeline.py,argparse,UNKNOWN,UNKNOWN,legacy,external_or_unknown
legacy/authoring/pipeline.py,authoring.builder,UNKNOWN,UNKNOWN,legacy,external_or_unknown
legacy/authoring/pipeline.py,authoring.explorer,UNKNOWN,UNKNOWN,legacy,external_or_unknown
legacy/authoring/pipeline.py,authoring.ml_sandbox,UNKNOWN,UNKNOWN,legacy,external_or_unknown
legacy/authoring/pipeline.py,authoring.models,UNKNOWN,UNKNOWN,legacy,external_or_unknown
legacy/authoring/pipeline.py,curation.conflict_resolution,UNKNOWN,UNKNOWN,legacy,external_or_unknown
legacy/authoring/pipeline.py,curation.duplicate_detection,UNKNOWN,UNKNOWN,legacy,external_or_unknown
legacy/authoring/pipeline.py,curation.evidence_ranking,UNKNOWN,UNKNOWN,legacy,external_or_unknown
legacy/authoring/pipeline.py,datetime,UNKNOWN,UNKNOWN,legacy,external_or_unknown
legacy/authoring/pipeline.py,json,UNKNOWN,UNKNOWN,legacy,external_or_unknown
legacy/authoring/pipeline.py,ontology,UNKNOWN,UNKNOWN,legacy,external_or_unknown
legacy/authoring/pipeline.py,pathlib,UNKNOWN,UNKNOWN,legacy,external_or_unknown
legacy/authoring/pipeline.py,sys,UNKNOWN,UNKNOWN,legacy,external_or_unknown
legacy/authoring/portal.py,__future__,UNKNOWN,UNKNOWN,legacy,external_or_unknown
legacy/authoring/portal.py,app/science/coverage.py,ACTIVE,ACTIVE,legacy,app
legacy/authoring/portal.py,authoring.research,UNKNOWN,UNKNOWN,legacy,external_or_unknown
legacy/authoring/portal.py,curation.conflict_resolution,UNKNOWN,UNKNOWN,legacy,external_or_unknown
legacy/authoring/portal.py,curation.duplicate_detection,UNKNOWN,UNKNOWN,legacy,external_or_unknown
legacy/authoring/portal.py,curation.evidence_ranking,UNKNOWN,UNKNOWN,legacy,external_or_unknown
legacy/authoring/portal.py,ontology,UNKNOWN,UNKNOWN,legacy,external_or_unknown
legacy/authoring/portal.py,typing,UNKNOWN,UNKNOWN,legacy,external_or_unknown
legacy/authoring/research.py,__future__,UNKNOWN,UNKNOWN,legacy,external_or_unknown
legacy/authoring/research.py,app/core/paths.py,ACTIVE,ACTIVE,legacy,app
legacy/authoring/research.py,app/data/repository.py,ACTIVE,ACTIVE,legacy,app
legacy/authoring/research.py,app/science/builder.py,ACTIVE,ACTIVE,legacy,app
legacy/authoring/research.py,app/science/diff_engine.py,ACTIVE,ACTIVE,legacy,app
legacy/authoring/research.py,argparse,UNKNOWN,UNKNOWN,legacy,external_or_unknown
legacy/authoring/research.py,json,UNKNOWN,UNKNOWN,legacy,external_or_unknown
legacy/authoring/research.py,pandas,UNKNOWN,UNKNOWN,legacy,external_or_unknown
legacy/authoring/research.py,pathlib,UNKNOWN,UNKNOWN,legacy,external_or_unknown
legacy/authoring/research.py,typing,UNKNOWN,UNKNOWN,legacy,external_or_unknown
legacy/curation/conflict_resolution.py,__future__,UNKNOWN,UNKNOWN,legacy,external_or_unknown
legacy/curation/conflict_resolution.py,app/core/paths.py,ACTIVE,ACTIVE,legacy,app
legacy/curation/conflict_resolution.py,app/data/repository.py,ACTIVE,ACTIVE,legacy,app
legacy/curation/conflict_resolution.py,app/science/builder.py,ACTIVE,ACTIVE,legacy,app
legacy/curation/conflict_resolution.py,collections,UNKNOWN,UNKNOWN,legacy,external_or_unknown
legacy/curation/conflict_resolution.py,curation.evidence_ranking,UNKNOWN,UNKNOWN,legacy,external_or_unknown
legacy/curation/conflict_resolution.py,typing,UNKNOWN,UNKNOWN,legacy,external_or_unknown
legacy/curation/duplicate_detection.py,__future__,UNKNOWN,UNKNOWN,legacy,external_or_unknown
legacy/curation/duplicate_detection.py,app/core/paths.py,ACTIVE,ACTIVE,legacy,app
legacy/curation/duplicate_detection.py,app/data/repository.py,ACTIVE,ACTIVE,legacy,app
legacy/curation/duplicate_detection.py,app/science/builder.py,ACTIVE,ACTIVE,legacy,app
legacy/curation/duplicate_detection.py,collections,UNKNOWN,UNKNOWN,legacy,external_or_unknown
legacy/curation/duplicate_detection.py,re,UNKNOWN,UNKNOWN,legacy,external_or_unknown
legacy/curation/duplicate_detection.py,typing,UNKNOWN,UNKNOWN,legacy,external_or_unknown
legacy/curation/evidence_ranking.py,__future__,UNKNOWN,UNKNOWN,legacy,external_or_unknown
legacy/curation/evidence_ranking.py,typing,UNKNOWN,UNKNOWN,legacy,external_or_unknown
legacy/ontology/__init__.py,__future__,UNKNOWN,UNKNOWN,legacy,external_or_unknown
legacy/ontology/__init__.py,json,UNKNOWN,UNKNOWN,legacy,external_or_unknown
legacy/ontology/__init__.py,pathlib,UNKNOWN,UNKNOWN,legacy,external_or_unknown
legacy/ontology/__init__.py,typing,UNKNOWN,UNKNOWN,legacy,external_or_unknown
legacy/science_pipeline/__main__.py,science_pipeline.release,UNKNOWN,UNKNOWN,legacy,external_or_unknown
legacy/science_pipeline/release.py,__future__,UNKNOWN,UNKNOWN,legacy,external_or_unknown
legacy/science_pipeline/release.py,app/core/paths.py,ACTIVE,ACTIVE,legacy,app
legacy/science_pipeline/release.py,app/data/repository.py,ACTIVE,ACTIVE,legacy,app
legacy/science_pipeline/release.py,app/science/builder.py,ACTIVE,ACTIVE,legacy,app
legacy/science_pipeline/release.py,argparse,UNKNOWN,UNKNOWN,legacy,external_or_unknown
legacy/science_pipeline/release.py,datetime,UNKNOWN,UNKNOWN,legacy,external_or_unknown
legacy/science_pipeline/release.py,json,UNKNOWN,UNKNOWN,legacy,external_or_unknown
legacy/science_pipeline/release.py,pathlib,UNKNOWN,UNKNOWN,legacy,external_or_unknown
legacy/science_pipeline/release.py,science_pipeline.release_ops,UNKNOWN,UNKNOWN,legacy,external_or_unknown
legacy/science_pipeline/release.py,science_pipeline.validation_extended,UNKNOWN,UNKNOWN,legacy,external_or_unknown
legacy/science_pipeline/release.py,subprocess,UNKNOWN,UNKNOWN,legacy,external_or_unknown
legacy/science_pipeline/release.py,sys,UNKNOWN,UNKNOWN,legacy,external_or_unknown
legacy/science_pipeline/release.py,typing,UNKNOWN,UNKNOWN,legacy,external_or_unknown
legacy/science_pipeline/release_ops.py,__future__,UNKNOWN,UNKNOWN,legacy,external_or_unknown
legacy/science_pipeline/release_ops.py,datetime,UNKNOWN,UNKNOWN,legacy,external_or_unknown
legacy/science_pipeline/release_ops.py,json,UNKNOWN,UNKNOWN,legacy,external_or_unknown
legacy/science_pipeline/release_ops.py,pathlib,UNKNOWN,UNKNOWN,legacy,external_or_unknown
legacy/science_pipeline/release_ops.py,shutil,UNKNOWN,UNKNOWN,legacy,external_or_unknown
legacy/science_pipeline/release_ops.py,typing,UNKNOWN,UNKNOWN,legacy,external_or_unknown
legacy/science_pipeline/validation_extended.py,__future__,UNKNOWN,UNKNOWN,legacy,external_or_unknown
legacy/science_pipeline/validation_extended.py,app/core/paths.py,ACTIVE,ACTIVE,legacy,app
legacy/science_pipeline/validation_extended.py,app/data/repository.py,ACTIVE,ACTIVE,legacy,app
legacy/science_pipeline/validation_extended.py,app/science/builder.py,ACTIVE,ACTIVE,legacy,app
legacy/science_pipeline/validation_extended.py,app/science/validator.py,ACTIVE,ACTIVE,legacy,app
legacy/science_pipeline/validation_extended.py,collections,UNKNOWN,UNKNOWN,legacy,external_or_unknown
legacy/science_pipeline/validation_extended.py,datetime,UNKNOWN,UNKNOWN,legacy,external_or_unknown
legacy/science_pipeline/validation_extended.py,json,UNKNOWN,UNKNOWN,legacy,external_or_unknown
legacy/science_pipeline/validation_extended.py,pandas,UNKNOWN,UNKNOWN,legacy,external_or_unknown
legacy/science_pipeline/validation_extended.py,pathlib,UNKNOWN,UNKNOWN,legacy,external_or_unknown
legacy/science_pipeline/validation_extended.py,re,UNKNOWN,UNKNOWN,legacy,external_or_unknown
legacy/science_pipeline/validation_extended.py,typing,UNKNOWN,UNKNOWN,legacy,external_or_unknown
repository/benchmarks/__init__.py,repository/benchmarks/comparator.py,ACTIVE,ACTIVE,repository,repository
repository/benchmarks/__init__.py,repository/benchmarks/metrics.py,ACTIVE,ACTIVE,repository,repository
repository/benchmarks/__init__.py,repository/benchmarks/reports.py,ACTIVE,ACTIVE,repository,repository
repository/benchmarks/__init__.py,repository/benchmarks/runner.py,ACTIVE,ACTIVE,repository,repository
repository/benchmarks/comparator.py,__future__,UNKNOWN,UNKNOWN,repository,external_or_unknown
repository/benchmarks/comparator.py,dataclasses,UNKNOWN,UNKNOWN,repository,external_or_unknown
repository/benchmarks/comparator.py,repository/benchmarks/metrics.py,ACTIVE,ACTIVE,repository,repository
repository/benchmarks/metrics.py,__future__,UNKNOWN,UNKNOWN,repository,external_or_unknown
repository/benchmarks/metrics.py,math,UNKNOWN,UNKNOWN,repository,external_or_unknown
repository/benchmarks/reports.py,__future__,UNKNOWN,UNKNOWN,repository,external_or_unknown
repository/benchmarks/reports.py,repository/benchmarks/comparator.py,ACTIVE,ACTIVE,repository,repository
repository/benchmarks/runner.py,__future__,UNKNOWN,UNKNOWN,repository,external_or_unknown
repository/benchmarks/runner.py,json,UNKNOWN,UNKNOWN,repository,external_or_unknown
repository/benchmarks/runner.py,pathlib,UNKNOWN,UNKNOWN,repository,external_or_unknown
repository/benchmarks/runner.py,repository/benchmarks/comparator.py,ACTIVE,ACTIVE,repository,repository
repository/benchmarks/runner.py,repository/benchmarks/reports.py,ACTIVE,ACTIVE,repository,repository
repository/benchmarks/runner.py,repository/formulas/loader.py,ACTIVE,ACTIVE,repository,repository
repository/benchmarks/runner.py,repository/mathematics/runtime.py,ACTIVE,ACTIVE,repository,repository
repository/benchmarks/runner.py,repository/models/runtime.py,ACTIVE,ACTIVE,repository,repository
repository/benchmarks/runner.py,repository/warehouse/__init__.py,ACTIVE,ACTIVE,repository,repository
repository/engine/biology/interfaces.py,__future__,UNKNOWN,UNKNOWN,repository,external_or_unknown
repository/engine/biology/interfaces.py,typing,UNKNOWN,UNKNOWN,repository,external_or_unknown
repository/engine/biology/models.py,__future__,UNKNOWN,UNKNOWN,repository,external_or_unknown
repository/engine/biology/models.py,dataclasses,UNKNOWN,UNKNOWN,repository,external_or_unknown
repository/engine/biology/service.py,__future__,UNKNOWN,UNKNOWN,repository,external_or_unknown
repository/engine/biology/service.py,repository/engine/biology/models.py,ACTIVE,ACTIVE,repository,repository
repository/engine/epidemiology/interfaces.py,__future__,UNKNOWN,UNKNOWN,repository,external_or_unknown
repository/engine/epidemiology/interfaces.py,typing,UNKNOWN,UNKNOWN,repository,external_or_unknown
repository/engine/epidemiology/models.py,__future__,UNKNOWN,UNKNOWN,repository,external_or_unknown
repository/engine/epidemiology/models.py,dataclasses,UNKNOWN,UNKNOWN,repository,external_or_unknown
repository/engine/epidemiology/service.py,__future__,UNKNOWN,UNKNOWN,repository,external_or_unknown
repository/engine/epidemiology/service.py,repository/engine/epidemiology/models.py,ACTIVE,ACTIVE,repository,repository
repository/engine/estimation/interfaces.py,__future__,UNKNOWN,UNKNOWN,repository,external_or_unknown
repository/engine/estimation/interfaces.py,typing,UNKNOWN,UNKNOWN,repository,external_or_unknown
repository/engine/estimation/models.py,__future__,UNKNOWN,UNKNOWN,repository,external_or_unknown
repository/engine/estimation/models.py,dataclasses,UNKNOWN,UNKNOWN,repository,external_or_unknown
repository/engine/estimation/service.py,__future__,UNKNOWN,UNKNOWN,repository,external_or_unknown
repository/engine/estimation/service.py,repository/engine/estimation/models.py,ACTIVE,ACTIVE,repository,repository
repository/engine/explainability/interfaces.py,__future__,UNKNOWN,UNKNOWN,repository,external_or_unknown
repository/engine/explainability/interfaces.py,typing,UNKNOWN,UNKNOWN,repository,external_or_unknown
repository/engine/explainability/models.py,__future__,UNKNOWN,UNKNOWN,repository,external_or_unknown
repository/engine/explainability/models.py,dataclasses,UNKNOWN,UNKNOWN,repository,external_or_unknown
repository/engine/explainability/service.py,__future__,UNKNOWN,UNKNOWN,repository,external_or_unknown
repository/engine/explainability/service.py,repository/engine/explainability/models.py,ACTIVE,ACTIVE,repository,repository
repository/engine/nutrition/interfaces.py,__future__,UNKNOWN,UNKNOWN,repository,external_or_unknown
repository/engine/nutrition/interfaces.py,typing,UNKNOWN,UNKNOWN,repository,external_or_unknown
repository/engine/nutrition/models.py,__future__,UNKNOWN,UNKNOWN,repository,external_or_unknown
repository/engine/nutrition/models.py,dataclasses,UNKNOWN,UNKNOWN,repository,external_or_unknown
repository/engine/nutrition/service.py,__future__,UNKNOWN,UNKNOWN,repository,external_or_unknown
repository/engine/nutrition/service.py,repository/engine/nutrition/models.py,ACTIVE,ACTIVE,repository,repository
repository/engine/optimization/interfaces.py,__future__,UNKNOWN,UNKNOWN,repository,external_or_unknown
repository/engine/optimization/interfaces.py,typing,UNKNOWN,UNKNOWN,repository,external_or_unknown
repository/engine/optimization/models.py,__future__,UNKNOWN,UNKNOWN,repository,external_or_unknown
repository/engine/optimization/models.py,dataclasses,UNKNOWN,UNKNOWN,repository,external_or_unknown
repository/engine/optimization/service.py,__future__,UNKNOWN,UNKNOWN,repository,external_or_unknown
repository/engine/optimization/service.py,repository/engine/optimization/models.py,ACTIVE,ACTIVE,repository,repository
repository/engine/prevention/interfaces.py,__future__,UNKNOWN,UNKNOWN,repository,external_or_unknown
repository/engine/prevention/interfaces.py,typing,UNKNOWN,UNKNOWN,repository,external_or_unknown
repository/engine/prevention/models.py,__future__,UNKNOWN,UNKNOWN,repository,external_or_unknown
repository/engine/prevention/models.py,dataclasses,UNKNOWN,UNKNOWN,repository,external_or_unknown
repository/engine/prevention/service.py,__future__,UNKNOWN,UNKNOWN,repository,external_or_unknown
repository/engine/prevention/service.py,repository/engine/prevention/models.py,ACTIVE,ACTIVE,repository,repository
repository/engine/products/interfaces.py,__future__,UNKNOWN,UNKNOWN,repository,external_or_unknown
repository/engine/products/interfaces.py,typing,UNKNOWN,UNKNOWN,repository,external_or_unknown
repository/engine/products/models.py,__future__,UNKNOWN,UNKNOWN,repository,external_or_unknown
repository/engine/products/models.py,dataclasses,UNKNOWN,UNKNOWN,repository,external_or_unknown
repository/engine/products/service.py,__future__,UNKNOWN,UNKNOWN,repository,external_or_unknown
repository/engine/products/service.py,repository/engine/products/models.py,ACTIVE,ACTIVE,repository,repository
repository/formulas/__init__.py,repository/formulas/loader.py,ACTIVE,ACTIVE,repository,repository
repository/formulas/__init__.py,repository/formulas/models.py,ACTIVE,ACTIVE,repository,repository
repository/formulas/__init__.py,repository/formulas/registry.py,ACTIVE,ACTIVE,repository,repository
repository/formulas/__init__.py,repository/formulas/resolver.py,ACTIVE,ACTIVE,repository,repository
repository/formulas/__init__.py,repository/formulas/runtime.py,ACTIVE,ACTIVE,repository,repository
repository/formulas/__init__.py,repository/formulas/validator.py,ACTIVE,ACTIVE,repository,repository
repository/formulas/loader.py,__future__,UNKNOWN,UNKNOWN,repository,external_or_unknown
repository/formulas/loader.py,pandas,UNKNOWN,UNKNOWN,repository,external_or_unknown
repository/formulas/loader.py,pathlib,UNKNOWN,UNKNOWN,repository,external_or_unknown
repository/formulas/loader.py,repository/warehouse/__init__.py,ACTIVE,ACTIVE,repository,repository
repository/formulas/loader.py,repository/warehouse/warehouse_interface.py,ACTIVE,ACTIVE,repository,repository
repository/formulas/models.py,__future__,UNKNOWN,UNKNOWN,repository,external_or_unknown
repository/formulas/models.py,dataclasses,UNKNOWN,UNKNOWN,repository,external_or_unknown
repository/formulas/registry.py,__future__,UNKNOWN,UNKNOWN,repository,external_or_unknown
repository/formulas/registry.py,pandas,UNKNOWN,UNKNOWN,repository,external_or_unknown
repository/formulas/registry.py,repository/formulas/models.py,ACTIVE,ACTIVE,repository,repository
repository/formulas/resolver.py,__future__,UNKNOWN,UNKNOWN,repository,external_or_unknown
repository/formulas/resolver.py,repository/formulas/models.py,ACTIVE,ACTIVE,repository,repository
repository/formulas/resolver.py,repository/formulas/registry.py,ACTIVE,ACTIVE,repository,repository
repository/formulas/runtime.py,__future__,UNKNOWN,UNKNOWN,repository,external_or_unknown
repository/formulas/runtime.py,dataclasses,UNKNOWN,UNKNOWN,repository,external_or_unknown
repository/formulas/runtime.py,functools,UNKNOWN,UNKNOWN,repository,external_or_unknown
repository/formulas/runtime.py,repository/formulas/loader.py,ACTIVE,ACTIVE,repository,repository
repository/formulas/runtime.py,repository/formulas/models.py,ACTIVE,ACTIVE,repository,repository
repository/formulas/runtime.py,repository/formulas/registry.py,ACTIVE,ACTIVE,repository,repository
repository/formulas/runtime.py,repository/formulas/resolver.py,ACTIVE,ACTIVE,repository,repository
repository/formulas/runtime.py,repository/formulas/validator.py,ACTIVE,ACTIVE,repository,repository
repository/formulas/runtime.py,repository/warehouse/__init__.py,ACTIVE,ACTIVE,repository,repository
repository/formulas/validator.py,__future__,UNKNOWN,UNKNOWN,repository,external_or_unknown
repository/formulas/validator.py,repository/formulas/models.py,ACTIVE,ACTIVE,repository,repository
repository/formulas/validator.py,repository/formulas/registry.py,ACTIVE,ACTIVE,repository,repository
repository/math_debugger/__init__.py,repository/math_debugger/formula_validator.py,ACTIVE,ACTIVE,repository,repository
repository/math_debugger/__init__.py,repository/math_debugger/html_report.py,ACTIVE,ACTIVE,repository,repository
repository/math_debugger/__init__.py,repository/math_debugger/independent_replay.py,ACTIVE,ACTIVE,repository,repository
repository/math_debugger/__init__.py,repository/math_debugger/models.py,ACTIVE,ACTIVE,repository,repository
repository/math_debugger/__init__.py,repository/math_debugger/numerical_inventory.py,ACTIVE,ACTIVE,repository,repository
repository/math_debugger/__init__.py,repository/math_debugger/replay.py,ACTIVE,ACTIVE,repository,repository
repository/math_debugger/__init__.py,repository/math_debugger/reports.py,ACTIVE,ACTIVE,repository,repository
repository/math_debugger/__init__.py,repository/math_debugger/runtime.py,ACTIVE,ACTIVE,repository,repository
repository/math_debugger/__init__.py,repository/math_debugger/sensitivity.py,ACTIVE,ACTIVE,repository,repository
repository/math_debugger/code_reference.py,__future__,UNKNOWN,UNKNOWN,repository,external_or_unknown
repository/math_debugger/code_reference.py,repository/math_debugger/models.py,ACTIVE,ACTIVE,repository,repository
repository/math_debugger/execution_tree.py,__future__,UNKNOWN,UNKNOWN,repository,external_or_unknown
repository/math_debugger/execution_tree.py,repository/math_debugger/models.py,ACTIVE,ACTIVE,repository,repository
repository/math_debugger/formula_trace.py,__future__,UNKNOWN,UNKNOWN,repository,external_or_unknown
repository/math_debugger/formula_trace.py,repository/math_debugger/code_reference.py,ACTIVE,ACTIVE,repository,repository
repository/math_debugger/formula_trace.py,repository/math_debugger/models.py,ACTIVE,ACTIVE,repository,repository
repository/math_debugger/formula_trace.py,repository/math_debugger/variable_trace.py,ACTIVE,ACTIVE,repository,repository
repository/math_debugger/formula_trace.py,repository/math_debugger/warehouse_trace.py,ACTIVE,ACTIVE,repository,repository
repository/math_debugger/formula_trace.py,repository/mathematics/models.py,ACTIVE,ACTIVE,repository,repository
repository/math_debugger/formula_validator.py,__future__,UNKNOWN,UNKNOWN,repository,external_or_unknown
repository/math_debugger/formula_validator.py,ast,UNKNOWN,UNKNOWN,repository,external_or_unknown
repository/math_debugger/formula_validator.py,pathlib,UNKNOWN,UNKNOWN,repository,external_or_unknown
repository/math_debugger/formula_validator.py,repository/formulas/runtime.py,ACTIVE,ACTIVE,repository,repository
repository/math_debugger/formula_validator.py,repository/math_debugger/models.py,ACTIVE,ACTIVE,repository,repository
repository/math_debugger/html_report.py,__future__,UNKNOWN,UNKNOWN,repository,external_or_unknown
repository/math_debugger/html_report.py,repository/math_debugger/models.py,ACTIVE,ACTIVE,repository,repository
repository/math_debugger/independent_replay.py,__future__,UNKNOWN,UNKNOWN,repository,external_or_unknown
repository/math_debugger/independent_replay.py,dataclasses,UNKNOWN,UNKNOWN,repository,external_or_unknown
repository/math_debugger/independent_replay.py,math,UNKNOWN,UNKNOWN,repository,external_or_unknown
repository/math_debugger/independent_replay.py,repository/math_debugger/models.py,ACTIVE,ACTIVE,repository,repository
repository/math_debugger/interfaces.py,__future__,UNKNOWN,UNKNOWN,repository,external_or_unknown
repository/math_debugger/interfaces.py,repository/math_debugger/models.py,ACTIVE,ACTIVE,repository,repository
repository/math_debugger/interfaces.py,repository/models/runtime.py,ACTIVE,ACTIVE,repository,repository
repository/math_debugger/interfaces.py,typing,UNKNOWN,UNKNOWN,repository,external_or_unknown
repository/math_debugger/models.py,__future__,UNKNOWN,UNKNOWN,repository,external_or_unknown
repository/math_debugger/models.py,dataclasses,UNKNOWN,UNKNOWN,repository,external_or_unknown
repository/math_debugger/numerical_inventory.py,__future__,UNKNOWN,UNKNOWN,repository,external_or_unknown
repository/math_debugger/numerical_inventory.py,ast,UNKNOWN,UNKNOWN,repository,external_or_unknown
repository/math_debugger/numerical_inventory.py,csv,UNKNOWN,UNKNOWN,repository,external_or_unknown
repository/math_debugger/numerical_inventory.py,dataclasses,UNKNOWN,UNKNOWN,repository,external_or_unknown
repository/math_debugger/numerical_inventory.py,pathlib,UNKNOWN,UNKNOWN,repository,external_or_unknown
repository/math_debugger/numerical_inventory.py,re,UNKNOWN,UNKNOWN,repository,external_or_unknown
repository/math_debugger/pipeline_trace.py,__future__,UNKNOWN,UNKNOWN,repository,external_or_unknown
repository/math_debugger/pipeline_trace.py,repository/math_debugger/execution_tree.py,ACTIVE,ACTIVE,repository,repository
repository/math_debugger/pipeline_trace.py,repository/math_debugger/formula_trace.py,ACTIVE,ACTIVE,repository,repository
repository/math_debugger/pipeline_trace.py,repository/math_debugger/models.py,ACTIVE,ACTIVE,repository,repository
repository/math_debugger/pipeline_trace.py,repository/mathematics/models.py,ACTIVE,ACTIVE,repository,repository
repository/math_debugger/replay.py,__future__,UNKNOWN,UNKNOWN,repository,external_or_unknown
repository/math_debugger/replay.py,repository/math_debugger/pipeline_trace.py,ACTIVE,ACTIVE,repository,repository
repository/math_debugger/replay.py,repository/mathematics/runtime.py,ACTIVE,ACTIVE,repository,repository
repository/math_debugger/replay.py,repository/models/runtime.py,ACTIVE,ACTIVE,repository,repository
repository/math_debugger/replay.py,repository/reasoning/models.py,ACTIVE,ACTIVE,repository,repository
repository/math_debugger/reports.py,__future__,UNKNOWN,UNKNOWN,repository,external_or_unknown
repository/math_debugger/reports.py,repository/math_debugger/models.py,ACTIVE,ACTIVE,repository,repository
repository/math_debugger/runtime.py,__future__,UNKNOWN,UNKNOWN,repository,external_or_unknown
repository/math_debugger/runtime.py,repository/math_debugger/models.py,ACTIVE,ACTIVE,repository,repository
repository/math_debugger/runtime.py,repository/math_debugger/replay.py,ACTIVE,ACTIVE,repository,repository
repository/math_debugger/runtime.py,repository/models/runtime.py,ACTIVE,ACTIVE,repository,repository
repository/math_debugger/runtime.py,repository/optimization/models.py,ACTIVE,ACTIVE,repository,repository
repository/math_debugger/runtime.py,repository/reasoning/models.py,ACTIVE,ACTIVE,repository,repository
repository/math_debugger/sensitivity.py,__future__,UNKNOWN,UNKNOWN,repository,external_or_unknown
repository/math_debugger/sensitivity.py,dataclasses,UNKNOWN,UNKNOWN,repository,external_or_unknown
repository/math_debugger/sensitivity.py,repository/math_debugger/independent_replay.py,ACTIVE,ACTIVE,repository,repository
repository/math_debugger/sensitivity.py,repository/math_debugger/models.py,ACTIVE,ACTIVE,repository,repository
repository/math_debugger/variable_trace.py,__future__,UNKNOWN,UNKNOWN,repository,external_or_unknown
repository/math_debugger/variable_trace.py,repository/math_debugger/models.py,ACTIVE,ACTIVE,repository,repository
repository/math_debugger/warehouse_trace.py,__future__,UNKNOWN,UNKNOWN,repository,external_or_unknown
repository/math_debugger/warehouse_trace.py,repository/math_debugger/models.py,ACTIVE,ACTIVE,repository,repository
repository/mathematics/__init__.py,repository/mathematics/aggregation.py,ACTIVE,ACTIVE,repository,repository
repository/mathematics/__init__.py,repository/mathematics/agreement.py,ACTIVE,ACTIVE,repository,repository
repository/mathematics/__init__.py,repository/mathematics/confidence.py,ACTIVE,ACTIVE,repository,repository
repository/mathematics/__init__.py,repository/mathematics/epidemiology.py,ACTIVE,ACTIVE,repository,repository
repository/mathematics/__init__.py,repository/mathematics/models.py,ACTIVE,ACTIVE,repository,repository
repository/mathematics/__init__.py,repository/mathematics/novelty.py,ACTIVE,ACTIVE,repository,repository
repository/mathematics/__init__.py,repository/mathematics/priority.py,ACTIVE,ACTIVE,repository,repository
repository/mathematics/__init__.py,repository/mathematics/runtime.py,ACTIVE,ACTIVE,repository,repository
repository/mathematics/__init__.py,repository/mathematics/uncertainty.py,ACTIVE,ACTIVE,repository,repository
repository/mathematics/aggregation.py,__future__,UNKNOWN,UNKNOWN,repository,external_or_unknown
repository/mathematics/aggregation.py,repository/mathematics/bayesian.py,ACTIVE,ACTIVE,repository,repository
repository/mathematics/aggregation.py,repository/mathematics/formula_access.py,ACTIVE,ACTIVE,repository,repository
repository/mathematics/aggregation.py,repository/mathematics/formulas.py,ACTIVE,ACTIVE,repository,repository
repository/mathematics/aggregation.py,repository/mathematics/interaction.py,ACTIVE,ACTIVE,repository,repository
repository/mathematics/aggregation.py,repository/mathematics/models.py,ACTIVE,ACTIVE,repository,repository
repository/mathematics/aggregation.py,repository/mathematics/normalization.py,ACTIVE,ACTIVE,repository,repository
repository/mathematics/aggregation.py,repository/mathematics/weights.py,ACTIVE,ACTIVE,repository,repository
repository/mathematics/agreement.py,__future__,UNKNOWN,UNKNOWN,repository,external_or_unknown
repository/mathematics/agreement.py,repository/mathematics/formulas.py,ACTIVE,ACTIVE,repository,repository
repository/mathematics/agreement.py,repository/mathematics/models.py,ACTIVE,ACTIVE,repository,repository
repository/mathematics/bayesian.py,__future__,UNKNOWN,UNKNOWN,repository,external_or_unknown
repository/mathematics/bayesian.py,repository/mathematics/normalization.py,ACTIVE,ACTIVE,repository,repository
repository/mathematics/confidence.py,__future__,UNKNOWN,UNKNOWN,repository,external_or_unknown
repository/mathematics/confidence.py,repository/mathematics/formula_access.py,ACTIVE,ACTIVE,repository,repository
repository/mathematics/confidence.py,repository/mathematics/formulas.py,ACTIVE,ACTIVE,repository,repository
repository/mathematics/confidence.py,repository/mathematics/models.py,ACTIVE,ACTIVE,repository,repository
repository/mathematics/epidemiology.py,__future__,UNKNOWN,UNKNOWN,repository,external_or_unknown
repository/mathematics/epidemiology.py,repository/mathematics/formulas.py,ACTIVE,ACTIVE,repository,repository
repository/mathematics/epidemiology.py,repository/mathematics/models.py,ACTIVE,ACTIVE,repository,repository
repository/mathematics/epidemiology.py,repository/mathematics/normalization.py,ACTIVE,ACTIVE,repository,repository
repository/mathematics/formula_access.py,__future__,UNKNOWN,UNKNOWN,repository,external_or_unknown
repository/mathematics/formula_access.py,repository/formulas/runtime.py,ACTIVE,ACTIVE,repository,repository
repository/mathematics/formulas.py,__future__,UNKNOWN,UNKNOWN,repository,external_or_unknown
repository/mathematics/formulas.py,dataclasses,UNKNOWN,UNKNOWN,repository,external_or_unknown
repository/mathematics/interaction.py,__future__,UNKNOWN,UNKNOWN,repository,external_or_unknown
repository/mathematics/interaction.py,repository/mathematics/normalization.py,ACTIVE,ACTIVE,repository,repository
repository/mathematics/interfaces.py,__future__,UNKNOWN,UNKNOWN,repository,external_or_unknown
repository/mathematics/interfaces.py,repository/mathematics/models.py,ACTIVE,ACTIVE,repository,repository
repository/mathematics/interfaces.py,repository/models/runtime.py,ACTIVE,ACTIVE,repository,repository
repository/mathematics/interfaces.py,repository/reasoning/models.py,ACTIVE,ACTIVE,repository,repository
repository/mathematics/interfaces.py,typing,UNKNOWN,UNKNOWN,repository,external_or_unknown
repository/mathematics/models.py,__future__,UNKNOWN,UNKNOWN,repository,external_or_unknown
repository/mathematics/models.py,dataclasses,UNKNOWN,UNKNOWN,repository,external_or_unknown
repository/mathematics/normalization.py,__future__,UNKNOWN,UNKNOWN,repository,external_or_unknown
repository/mathematics/normalization.py,math,UNKNOWN,UNKNOWN,repository,external_or_unknown
repository/mathematics/novelty.py,__future__,UNKNOWN,UNKNOWN,repository,external_or_unknown
repository/mathematics/novelty.py,repository/mathematics/formula_access.py,ACTIVE,ACTIVE,repository,repository
repository/mathematics/novelty.py,repository/mathematics/formulas.py,ACTIVE,ACTIVE,repository,repository
repository/mathematics/novelty.py,repository/mathematics/models.py,ACTIVE,ACTIVE,repository,repository
repository/mathematics/priority.py,__future__,UNKNOWN,UNKNOWN,repository,external_or_unknown
repository/mathematics/priority.py,repository/mathematics/formula_access.py,ACTIVE,ACTIVE,repository,repository
repository/mathematics/priority.py,repository/mathematics/formulas.py,ACTIVE,ACTIVE,repository,repository
repository/mathematics/priority.py,repository/mathematics/models.py,ACTIVE,ACTIVE,repository,repository
repository/mathematics/runtime.py,__future__,UNKNOWN,UNKNOWN,repository,external_or_unknown
repository/mathematics/runtime.py,dataclasses,UNKNOWN,UNKNOWN,repository,external_or_unknown
repository/mathematics/runtime.py,repository/mathematics/aggregation.py,ACTIVE,ACTIVE,repository,repository
repository/mathematics/runtime.py,repository/mathematics/agreement.py,ACTIVE,ACTIVE,repository,repository
repository/mathematics/runtime.py,repository/mathematics/confidence.py,ACTIVE,ACTIVE,repository,repository
repository/mathematics/runtime.py,repository/mathematics/epidemiology.py,ACTIVE,ACTIVE,repository,repository
repository/mathematics/runtime.py,repository/mathematics/models.py,ACTIVE,ACTIVE,repository,repository
repository/mathematics/runtime.py,repository/mathematics/novelty.py,ACTIVE,ACTIVE,repository,repository
repository/mathematics/runtime.py,repository/mathematics/priority.py,ACTIVE,ACTIVE,repository,repository
repository/mathematics/runtime.py,repository/mathematics/uncertainty.py,ACTIVE,ACTIVE,repository,repository
repository/mathematics/runtime.py,repository/models/runtime.py,ACTIVE,ACTIVE,repository,repository
repository/mathematics/runtime.py,repository/reasoning/models.py,ACTIVE,ACTIVE,repository,repository
repository/mathematics/runtime.py,time,UNKNOWN,UNKNOWN,repository,external_or_unknown
repository/mathematics/runtime.py,uuid,UNKNOWN,UNKNOWN,repository,external_or_unknown
repository/mathematics/uncertainty.py,__future__,UNKNOWN,UNKNOWN,repository,external_or_unknown
repository/mathematics/uncertainty.py,math,UNKNOWN,UNKNOWN,repository,external_or_unknown
repository/mathematics/uncertainty.py,repository/mathematics/formula_access.py,ACTIVE,ACTIVE,repository,repository
repository/mathematics/uncertainty.py,repository/mathematics/formulas.py,ACTIVE,ACTIVE,repository,repository
repository/mathematics/uncertainty.py,repository/mathematics/models.py,ACTIVE,ACTIVE,repository,repository
repository/mathematics/uncertainty.py,repository/mathematics/normalization.py,ACTIVE,ACTIVE,repository,repository
repository/mathematics/weights.py,__future__,UNKNOWN,UNKNOWN,repository,external_or_unknown
repository/mechanisms/__init__.py,repository/mechanisms/interfaces.py,ACTIVE,ACTIVE,repository,repository
repository/mechanisms/__init__.py,repository/mechanisms/models.py,ACTIVE,ACTIVE,repository,repository
repository/mechanisms/__init__.py,repository/mechanisms/runtime.py,ACTIVE,ACTIVE,repository,repository
repository/mechanisms/formulas.py,__future__,UNKNOWN,UNKNOWN,repository,external_or_unknown
repository/mechanisms/formulas.py,dataclasses,UNKNOWN,UNKNOWN,repository,external_or_unknown
repository/mechanisms/interfaces.py,__future__,UNKNOWN,UNKNOWN,repository,external_or_unknown
repository/mechanisms/interfaces.py,repository/mechanisms/models.py,ACTIVE,ACTIVE,repository,repository
repository/mechanisms/interfaces.py,repository/reasoning/models.py,ACTIVE,ACTIVE,repository,repository
repository/mechanisms/interfaces.py,typing,UNKNOWN,UNKNOWN,repository,external_or_unknown
repository/mechanisms/models.py,__future__,UNKNOWN,UNKNOWN,repository,external_or_unknown
repository/mechanisms/models.py,dataclasses,UNKNOWN,UNKNOWN,repository,external_or_unknown
repository/mechanisms/runtime.py,__future__,UNKNOWN,UNKNOWN,repository,external_or_unknown
repository/mechanisms/runtime.py,dataclasses,UNKNOWN,UNKNOWN,repository,external_or_unknown
repository/mechanisms/runtime.py,repository/mechanisms/formulas.py,ACTIVE,ACTIVE,repository,repository
repository/mechanisms/runtime.py,repository/mechanisms/interfaces.py,ACTIVE,ACTIVE,repository,repository
repository/mechanisms/runtime.py,repository/mechanisms/models.py,ACTIVE,ACTIVE,repository,repository
repository/mechanisms/runtime.py,repository/reasoning/models.py,ACTIVE,ACTIVE,repository,repository
repository/mechanisms/runtime.py,repository/warehouse/__init__.py,ACTIVE,ACTIVE,repository,repository
repository/mechanisms/runtime.py,time,UNKNOWN,UNKNOWN,repository,external_or_unknown
repository/mechanisms/runtime.py,uuid,UNKNOWN,UNKNOWN,repository,external_or_unknown
repository/models/__init__.py,repository/models/explainability.py,ACTIVE,ACTIVE,repository,repository
repository/models/__init__.py,repository/models/runtime.py,ACTIVE,ACTIVE,repository,repository
repository/models/__init__.py,repository/models/trace.py,ACTIVE,ACTIVE,repository,repository
repository/models/explainability.py,__future__,UNKNOWN,UNKNOWN,repository,external_or_unknown
repository/models/explainability.py,dataclasses,UNKNOWN,UNKNOWN,repository,external_or_unknown
repository/models/runtime.py,__future__,UNKNOWN,UNKNOWN,repository,external_or_unknown
repository/models/runtime.py,dataclasses,UNKNOWN,UNKNOWN,repository,external_or_unknown
repository/models/trace.py,__future__,UNKNOWN,UNKNOWN,repository,external_or_unknown
repository/models/trace.py,dataclasses,UNKNOWN,UNKNOWN,repository,external_or_unknown
repository/objectives/__init__.py,repository/objectives/interfaces.py,ACTIVE,ACTIVE,repository,repository
repository/objectives/__init__.py,repository/objectives/models.py,ACTIVE,ACTIVE,repository,repository
repository/objectives/__init__.py,repository/objectives/runtime.py,ACTIVE,ACTIVE,repository,repository
repository/objectives/formulas.py,__future__,UNKNOWN,UNKNOWN,repository,external_or_unknown
repository/objectives/formulas.py,dataclasses,UNKNOWN,UNKNOWN,repository,external_or_unknown
repository/objectives/interfaces.py,__future__,UNKNOWN,UNKNOWN,repository,external_or_unknown
repository/objectives/interfaces.py,repository/objectives/models.py,ACTIVE,ACTIVE,repository,repository
repository/objectives/interfaces.py,repository/reasoning/models.py,ACTIVE,ACTIVE,repository,repository
repository/objectives/interfaces.py,typing,UNKNOWN,UNKNOWN,repository,external_or_unknown
repository/objectives/models.py,__future__,UNKNOWN,UNKNOWN,repository,external_or_unknown
repository/objectives/models.py,dataclasses,UNKNOWN,UNKNOWN,repository,external_or_unknown
repository/objectives/models.py,repository/mechanisms/models.py,ACTIVE,ACTIVE,repository,repository
repository/objectives/runtime.py,__future__,UNKNOWN,UNKNOWN,repository,external_or_unknown
repository/objectives/runtime.py,dataclasses,UNKNOWN,UNKNOWN,repository,external_or_unknown
repository/objectives/runtime.py,repository/mechanisms/models.py,ACTIVE,ACTIVE,repository,repository
repository/objectives/runtime.py,repository/objectives/formulas.py,ACTIVE,ACTIVE,repository,repository
repository/objectives/runtime.py,repository/objectives/interfaces.py,ACTIVE,ACTIVE,repository,repository
repository/objectives/runtime.py,repository/objectives/models.py,ACTIVE,ACTIVE,repository,repository
repository/objectives/runtime.py,repository/reasoning/models.py,ACTIVE,ACTIVE,repository,repository
repository/objectives/runtime.py,repository/sources/interfaces.py,ACTIVE,ACTIVE,repository,repository
repository/objectives/runtime.py,repository/sources/runtime.py,ACTIVE,ACTIVE,repository,repository
repository/objectives/runtime.py,repository/warehouse/__init__.py,ACTIVE,ACTIVE,repository,repository
repository/objectives/runtime.py,time,UNKNOWN,UNKNOWN,repository,external_or_unknown
repository/objectives/runtime.py,uuid,UNKNOWN,UNKNOWN,repository,external_or_unknown
repository/optimization/__init__.py,repository/optimization/absorption.py,ACTIVE,ACTIVE,repository,repository
repository/optimization/__init__.py,repository/optimization/calories.py,ACTIVE,ACTIVE,repository,repository
repository/optimization/__init__.py,repository/optimization/candidate_generator.py,ACTIVE,ACTIVE,repository,repository
repository/optimization/__init__.py,repository/optimization/conflict.py,ACTIVE,ACTIVE,repository,repository
repository/optimization/__init__.py,repository/optimization/constraints.py,ACTIVE,ACTIVE,repository,repository
repository/optimization/__init__.py,repository/optimization/coverage.py,ACTIVE,ACTIVE,repository,repository
repository/optimization/__init__.py,repository/optimization/harmony.py,ACTIVE,ACTIVE,repository,repository
repository/optimization/__init__.py,repository/optimization/models.py,ACTIVE,ACTIVE,repository,repository
repository/optimization/__init__.py,repository/optimization/optimizer.py,ACTIVE,ACTIVE,repository,repository
repository/optimization/__init__.py,repository/optimization/runtime.py,ACTIVE,ACTIVE,repository,repository
repository/optimization/__init__.py,repository/optimization/synergy.py,ACTIVE,ACTIVE,repository,repository
repository/optimization/__init__.py,repository/optimization/trace.py,ACTIVE,ACTIVE,repository,repository
repository/optimization/absorption.py,__future__,UNKNOWN,UNKNOWN,repository,external_or_unknown
repository/optimization/absorption.py,repository/optimization/models.py,ACTIVE,ACTIVE,repository,repository
repository/optimization/absorption.py,repository/warehouse/__init__.py,ACTIVE,ACTIVE,repository,repository
repository/optimization/calories.py,__future__,UNKNOWN,UNKNOWN,repository,external_or_unknown
repository/optimization/calories.py,repository/optimization/models.py,ACTIVE,ACTIVE,repository,repository
repository/optimization/calories.py,repository/warehouse/__init__.py,ACTIVE,ACTIVE,repository,repository
repository/optimization/candidate_generator.py,__future__,UNKNOWN,UNKNOWN,repository,external_or_unknown
repository/optimization/candidate_generator.py,itertools,UNKNOWN,UNKNOWN,repository,external_or_unknown
repository/optimization/candidate_generator.py,repository/optimization/models.py,ACTIVE,ACTIVE,repository,repository
repository/optimization/candidate_generator.py,repository/warehouse/__init__.py,ACTIVE,ACTIVE,repository,repository
repository/optimization/conflict.py,__future__,UNKNOWN,UNKNOWN,repository,external_or_unknown
repository/optimization/conflict.py,repository/optimization/absorption.py,ACTIVE,ACTIVE,repository,repository
repository/optimization/conflict.py,repository/optimization/models.py,ACTIVE,ACTIVE,repository,repository
repository/optimization/conflict.py,repository/warehouse/__init__.py,ACTIVE,ACTIVE,repository,repository
repository/optimization/constraints.py,__future__,UNKNOWN,UNKNOWN,repository,external_or_unknown
repository/optimization/constraints.py,repository/optimization/models.py,ACTIVE,ACTIVE,repository,repository
repository/optimization/constraints.py,repository/warehouse/__init__.py,ACTIVE,ACTIVE,repository,repository
repository/optimization/coverage.py,__future__,UNKNOWN,UNKNOWN,repository,external_or_unknown
repository/optimization/coverage.py,repository/optimization/models.py,ACTIVE,ACTIVE,repository,repository
repository/optimization/coverage.py,repository/warehouse/__init__.py,ACTIVE,ACTIVE,repository,repository
repository/optimization/formulas.py,__future__,UNKNOWN,UNKNOWN,repository,external_or_unknown
repository/optimization/formulas.py,dataclasses,UNKNOWN,UNKNOWN,repository,external_or_unknown
repository/optimization/harmony.py,__future__,UNKNOWN,UNKNOWN,repository,external_or_unknown
repository/optimization/harmony.py,repository/optimization/models.py,ACTIVE,ACTIVE,repository,repository
repository/optimization/interfaces.py,__future__,UNKNOWN,UNKNOWN,repository,external_or_unknown
repository/optimization/interfaces.py,repository/objectives/models.py,ACTIVE,ACTIVE,repository,repository
repository/optimization/interfaces.py,repository/optimization/models.py,ACTIVE,ACTIVE,repository,repository
repository/optimization/interfaces.py,typing,UNKNOWN,UNKNOWN,repository,external_or_unknown
repository/optimization/models.py,__future__,UNKNOWN,UNKNOWN,repository,external_or_unknown
repository/optimization/models.py,dataclasses,UNKNOWN,UNKNOWN,repository,external_or_unknown
repository/optimization/optimizer.py,__future__,UNKNOWN,UNKNOWN,repository,external_or_unknown
repository/optimization/optimizer.py,repository/optimization/models.py,ACTIVE,ACTIVE,repository,repository
repository/optimization/runtime.py,__future__,UNKNOWN,UNKNOWN,repository,external_or_unknown
repository/optimization/runtime.py,dataclasses,UNKNOWN,UNKNOWN,repository,external_or_unknown
repository/optimization/runtime.py,pathlib,UNKNOWN,UNKNOWN,repository,external_or_unknown
repository/optimization/runtime.py,repository/objectives/models.py,ACTIVE,ACTIVE,repository,repository
repository/optimization/runtime.py,repository/optimization/absorption.py,ACTIVE,ACTIVE,repository,repository
repository/optimization/runtime.py,repository/optimization/calories.py,ACTIVE,ACTIVE,repository,repository
repository/optimization/runtime.py,repository/optimization/candidate_generator.py,ACTIVE,ACTIVE,repository,repository
repository/optimization/runtime.py,repository/optimization/conflict.py,ACTIVE,ACTIVE,repository,repository
repository/optimization/runtime.py,repository/optimization/constraints.py,ACTIVE,ACTIVE,repository,repository
repository/optimization/runtime.py,repository/optimization/coverage.py,ACTIVE,ACTIVE,repository,repository
repository/optimization/runtime.py,repository/optimization/formulas.py,ACTIVE,ACTIVE,repository,repository
repository/optimization/runtime.py,repository/optimization/harmony.py,ACTIVE,ACTIVE,repository,repository
repository/optimization/runtime.py,repository/optimization/models.py,ACTIVE,ACTIVE,repository,repository
repository/optimization/runtime.py,repository/optimization/optimizer.py,ACTIVE,ACTIVE,repository,repository
repository/optimization/runtime.py,repository/optimization/synergy.py,ACTIVE,ACTIVE,repository,repository
repository/optimization/runtime.py,repository/optimization/trace.py,ACTIVE,ACTIVE,repository,repository
repository/optimization/runtime.py,repository/warehouse/__init__.py,ACTIVE,ACTIVE,repository,repository
repository/optimization/runtime.py,repository/warehouse/warehouse_interface.py,ACTIVE,ACTIVE,repository,repository
repository/optimization/runtime.py,time,UNKNOWN,UNKNOWN,repository,external_or_unknown
repository/optimization/runtime.py,uuid,UNKNOWN,UNKNOWN,repository,external_or_unknown
repository/optimization/synergy.py,__future__,UNKNOWN,UNKNOWN,repository,external_or_unknown
repository/optimization/synergy.py,repository/optimization/absorption.py,ACTIVE,ACTIVE,repository,repository
repository/optimization/synergy.py,repository/optimization/models.py,ACTIVE,ACTIVE,repository,repository
repository/optimization/synergy.py,repository/warehouse/__init__.py,ACTIVE,ACTIVE,repository,repository
repository/optimization/trace.py,__future__,UNKNOWN,UNKNOWN,repository,external_or_unknown
repository/optimization/trace.py,repository/optimization/models.py,ACTIVE,ACTIVE,repository,repository
repository/pipeline/__init__.py,repository/pipeline/biological_runtime.py,ACTIVE,ACTIVE,repository,repository
repository/pipeline/__init__.py,repository/pipeline/interfaces.py,ACTIVE,ACTIVE,repository,repository
repository/pipeline/__init__.py,repository/pipeline/orchestrator.py,ACTIVE,ACTIVE,repository,repository
repository/pipeline/biological_runtime.py,__future__,UNKNOWN,UNKNOWN,repository,external_or_unknown
repository/pipeline/biological_runtime.py,dataclasses,UNKNOWN,UNKNOWN,repository,external_or_unknown
repository/pipeline/biological_runtime.py,datetime,UNKNOWN,UNKNOWN,repository,external_or_unknown
repository/pipeline/biological_runtime.py,hashlib,UNKNOWN,UNKNOWN,repository,external_or_unknown
repository/pipeline/biological_runtime.py,re,UNKNOWN,UNKNOWN,repository,external_or_unknown
repository/pipeline/biological_runtime.py,repository/models/explainability.py,ACTIVE,ACTIVE,repository,repository
repository/pipeline/biological_runtime.py,repository/models/runtime.py,ACTIVE,ACTIVE,repository,repository
repository/pipeline/biological_runtime.py,repository/warehouse/__init__.py,ACTIVE,ACTIVE,repository,repository
repository/pipeline/interfaces.py,__future__,UNKNOWN,UNKNOWN,repository,external_or_unknown
repository/pipeline/interfaces.py,repository/models/explainability.py,ACTIVE,ACTIVE,repository,repository
repository/pipeline/interfaces.py,repository/models/runtime.py,ACTIVE,ACTIVE,repository,repository
repository/pipeline/interfaces.py,typing,UNKNOWN,UNKNOWN,repository,external_or_unknown
repository/pipeline/orchestrator.py,__future__,UNKNOWN,UNKNOWN,repository,external_or_unknown
repository/pipeline/orchestrator.py,dataclasses,UNKNOWN,UNKNOWN,repository,external_or_unknown
repository/pipeline/orchestrator.py,repository/models/runtime.py,ACTIVE,ACTIVE,repository,repository
repository/pipeline/orchestrator.py,repository/models/trace.py,ACTIVE,ACTIVE,repository,repository
repository/pipeline/orchestrator.py,repository/pipeline/interfaces.py,ACTIVE,ACTIVE,repository,repository
repository/pipeline/orchestrator.py,repository/pipeline/stage_order.py,ACTIVE,ACTIVE,repository,repository
repository/pipeline/orchestrator.py,time,UNKNOWN,UNKNOWN,repository,external_or_unknown
repository/pipeline/orchestrator.py,uuid,UNKNOWN,UNKNOWN,repository,external_or_unknown
repository/reasoning/__init__.py,repository/reasoning/models.py,ACTIVE,ACTIVE,repository,repository
repository/reasoning/__init__.py,repository/reasoning/runtime.py,ACTIVE,ACTIVE,repository,repository
repository/reasoning/agreement/__init__.py,repository/reasoning/agreement/engine.py,ACTIVE,ACTIVE,repository,repository
repository/reasoning/agreement/engine.py,__future__,UNKNOWN,UNKNOWN,repository,external_or_unknown
repository/reasoning/agreement/engine.py,repository/reasoning/mathematics/__init__.py,ACTIVE,ACTIVE,repository,repository
repository/reasoning/agreement/engine.py,repository/reasoning/models.py,ACTIVE,ACTIVE,repository,repository
repository/reasoning/estimation/__init__.py,repository/reasoning/estimation/engine.py,ACTIVE,ACTIVE,repository,repository
repository/reasoning/estimation/engine.py,__future__,UNKNOWN,UNKNOWN,repository,external_or_unknown
repository/reasoning/estimation/engine.py,collections,UNKNOWN,UNKNOWN,repository,external_or_unknown
repository/reasoning/estimation/engine.py,repository/models/explainability.py,ACTIVE,ACTIVE,repository,repository
repository/reasoning/estimation/engine.py,repository/models/runtime.py,ACTIVE,ACTIVE,repository,repository
repository/reasoning/estimation/engine.py,repository/reasoning/mathematics/__init__.py,ACTIVE,ACTIVE,repository,repository
repository/reasoning/estimation/engine.py,repository/reasoning/models.py,ACTIVE,ACTIVE,repository,repository
repository/reasoning/explainability/__init__.py,repository/reasoning/explainability/builder.py,ACTIVE,ACTIVE,repository,repository
repository/reasoning/explainability/builder.py,__future__,UNKNOWN,UNKNOWN,repository,external_or_unknown
repository/reasoning/explainability/builder.py,repository/models/explainability.py,ACTIVE,ACTIVE,repository,repository
repository/reasoning/explainability/builder.py,repository/reasoning/models.py,ACTIVE,ACTIVE,repository,repository
repository/reasoning/interfaces.py,__future__,UNKNOWN,UNKNOWN,repository,external_or_unknown
repository/reasoning/interfaces.py,repository/models/runtime.py,ACTIVE,ACTIVE,repository,repository
repository/reasoning/interfaces.py,repository/reasoning/models.py,ACTIVE,ACTIVE,repository,repository
repository/reasoning/interfaces.py,typing,UNKNOWN,UNKNOWN,repository,external_or_unknown
repository/reasoning/mathematics/__init__.py,repository/reasoning/mathematics/formulas.py,ACTIVE,ACTIVE,repository,repository
repository/reasoning/mathematics/formulas.py,__future__,UNKNOWN,UNKNOWN,repository,external_or_unknown
repository/reasoning/mathematics/formulas.py,dataclasses,UNKNOWN,UNKNOWN,repository,external_or_unknown
repository/reasoning/mechanisms/__init__.py,repository/reasoning/mechanisms/mapper.py,ACTIVE,ACTIVE,repository,repository
repository/reasoning/mechanisms/mapper.py,__future__,UNKNOWN,UNKNOWN,repository,external_or_unknown
repository/reasoning/mechanisms/mapper.py,collections,UNKNOWN,UNKNOWN,repository,external_or_unknown
repository/reasoning/mechanisms/mapper.py,dataclasses,UNKNOWN,UNKNOWN,repository,external_or_unknown
repository/reasoning/mechanisms/mapper.py,repository/reasoning/models.py,ACTIVE,ACTIVE,repository,repository
repository/reasoning/mechanisms/mapper.py,repository/warehouse/__init__.py,ACTIVE,ACTIVE,repository,repository
repository/reasoning/models.py,__future__,UNKNOWN,UNKNOWN,repository,external_or_unknown
repository/reasoning/models.py,dataclasses,UNKNOWN,UNKNOWN,repository,external_or_unknown
repository/reasoning/models.py,repository/models/explainability.py,ACTIVE,ACTIVE,repository,repository
repository/reasoning/models.py,repository/models/runtime.py,ACTIVE,ACTIVE,repository,repository
repository/reasoning/observed/__init__.py,repository/reasoning/observed/engine.py,ACTIVE,ACTIVE,repository,repository
repository/reasoning/observed/engine.py,__future__,UNKNOWN,UNKNOWN,repository,external_or_unknown
repository/reasoning/observed/engine.py,repository/models/explainability.py,ACTIVE,ACTIVE,repository,repository
repository/reasoning/observed/engine.py,repository/models/runtime.py,ACTIVE,ACTIVE,repository,repository
repository/reasoning/observed/engine.py,repository/reasoning/mathematics/__init__.py,ACTIVE,ACTIVE,repository,repository
repository/reasoning/observed/engine.py,repository/reasoning/models.py,ACTIVE,ACTIVE,repository,repository
repository/reasoning/runtime.py,__future__,UNKNOWN,UNKNOWN,repository,external_or_unknown
repository/reasoning/runtime.py,dataclasses,UNKNOWN,UNKNOWN,repository,external_or_unknown
repository/reasoning/runtime.py,repository/models/explainability.py,ACTIVE,ACTIVE,repository,repository
repository/reasoning/runtime.py,repository/models/runtime.py,ACTIVE,ACTIVE,repository,repository
repository/reasoning/runtime.py,repository/reasoning/agreement/__init__.py,ACTIVE,ACTIVE,repository,repository
repository/reasoning/runtime.py,repository/reasoning/estimation/__init__.py,ACTIVE,ACTIVE,repository,repository
repository/reasoning/runtime.py,repository/reasoning/explainability/__init__.py,ACTIVE,ACTIVE,repository,repository
repository/reasoning/runtime.py,repository/reasoning/interfaces.py,ACTIVE,ACTIVE,repository,repository
repository/reasoning/runtime.py,repository/reasoning/mechanisms/__init__.py,ACTIVE,ACTIVE,repository,repository
repository/reasoning/runtime.py,repository/reasoning/models.py,ACTIVE,ACTIVE,repository,repository
repository/reasoning/runtime.py,repository/reasoning/observed/__init__.py,ACTIVE,ACTIVE,repository,repository
repository/reasoning/runtime.py,repository/reasoning/systems/__init__.py,ACTIVE,ACTIVE,repository,repository
repository/reasoning/runtime.py,repository/warehouse/__init__.py,ACTIVE,ACTIVE,repository,repository
repository/reasoning/runtime.py,time,UNKNOWN,UNKNOWN,repository,external_or_unknown
repository/reasoning/runtime.py,uuid,UNKNOWN,UNKNOWN,repository,external_or_unknown
repository/reasoning/systems/__init__.py,repository/reasoning/systems/aggregator.py,ACTIVE,ACTIVE,repository,repository
repository/reasoning/systems/aggregator.py,__future__,UNKNOWN,UNKNOWN,repository,external_or_unknown
repository/reasoning/systems/aggregator.py,dataclasses,UNKNOWN,UNKNOWN,repository,external_or_unknown
repository/reasoning/systems/aggregator.py,repository/reasoning/models.py,ACTIVE,ACTIVE,repository,repository
repository/reasoning/systems/aggregator.py,repository/warehouse/__init__.py,ACTIVE,ACTIVE,repository,repository
repository/science_graph/__init__.py,repository/science_graph/builder.py,ACTIVE,ACTIVE,repository,repository
repository/science_graph/__init__.py,repository/science_graph/explainability.py,ACTIVE,ACTIVE,repository,repository
repository/science_graph/__init__.py,repository/science_graph/models.py,ACTIVE,ACTIVE,repository,repository
repository/science_graph/__init__.py,repository/science_graph/runtime.py,ACTIVE,ACTIVE,repository,repository
repository/science_graph/__init__.py,repository/science_graph/traversal.py,ACTIVE,ACTIVE,repository,repository
repository/science_graph/__init__.py,repository/science_graph/validator.py,ACTIVE,ACTIVE,repository,repository
repository/science_graph/builder.py,__future__,UNKNOWN,UNKNOWN,repository,external_or_unknown
repository/science_graph/builder.py,pathlib,UNKNOWN,UNKNOWN,repository,external_or_unknown
repository/science_graph/builder.py,repository/science_graph/models.py,ACTIVE,ACTIVE,repository,repository
repository/science_graph/builder.py,repository/warehouse/__init__.py,ACTIVE,ACTIVE,repository,repository
repository/science_graph/builder.py,repository/warehouse/warehouse_interface.py,ACTIVE,ACTIVE,repository,repository
repository/science_graph/explainability.py,__future__,UNKNOWN,UNKNOWN,repository,external_or_unknown
repository/science_graph/explainability.py,repository/science_graph/models.py,ACTIVE,ACTIVE,repository,repository
repository/science_graph/interfaces.py,__future__,UNKNOWN,UNKNOWN,repository,external_or_unknown
repository/science_graph/interfaces.py,repository/science_graph/models.py,ACTIVE,ACTIVE,repository,repository
repository/science_graph/interfaces.py,typing,UNKNOWN,UNKNOWN,repository,external_or_unknown
repository/science_graph/models.py,__future__,UNKNOWN,UNKNOWN,repository,external_or_unknown
repository/science_graph/models.py,dataclasses,UNKNOWN,UNKNOWN,repository,external_or_unknown
repository/science_graph/runtime.py,__future__,UNKNOWN,UNKNOWN,repository,external_or_unknown
repository/science_graph/runtime.py,dataclasses,UNKNOWN,UNKNOWN,repository,external_or_unknown
repository/science_graph/runtime.py,repository/science_graph/builder.py,ACTIVE,ACTIVE,repository,repository
repository/science_graph/runtime.py,repository/science_graph/explainability.py,ACTIVE,ACTIVE,repository,repository
repository/science_graph/runtime.py,repository/science_graph/models.py,ACTIVE,ACTIVE,repository,repository
repository/science_graph/runtime.py,repository/science_graph/traversal.py,ACTIVE,ACTIVE,repository,repository
repository/science_graph/runtime.py,repository/science_graph/validator.py,ACTIVE,ACTIVE,repository,repository
repository/science_graph/runtime.py,repository/warehouse/__init__.py,ACTIVE,ACTIVE,repository,repository
repository/science_graph/runtime.py,time,UNKNOWN,UNKNOWN,repository,external_or_unknown
repository/science_graph/runtime.py,uuid,UNKNOWN,UNKNOWN,repository,external_or_unknown
repository/science_graph/traversal.py,__future__,UNKNOWN,UNKNOWN,repository,external_or_unknown
repository/science_graph/traversal.py,collections,UNKNOWN,UNKNOWN,repository,external_or_unknown
repository/science_graph/traversal.py,repository/science_graph/models.py,ACTIVE,ACTIVE,repository,repository
repository/science_graph/validator.py,__future__,UNKNOWN,UNKNOWN,repository,external_or_unknown
repository/science_graph/validator.py,re,UNKNOWN,UNKNOWN,repository,external_or_unknown
repository/science_graph/validator.py,repository/science_graph/models.py,ACTIVE,ACTIVE,repository,repository
repository/sources/__init__.py,repository/sources/interfaces.py,ACTIVE,ACTIVE,repository,repository
repository/sources/__init__.py,repository/sources/runtime.py,ACTIVE,ACTIVE,repository,repository
repository/sources/interfaces.py,__future__,UNKNOWN,UNKNOWN,repository,external_or_unknown
repository/sources/interfaces.py,repository/mechanisms/models.py,ACTIVE,ACTIVE,repository,repository
repository/sources/interfaces.py,repository/objectives/models.py,ACTIVE,ACTIVE,repository,repository
repository/sources/interfaces.py,typing,UNKNOWN,UNKNOWN,repository,external_or_unknown
repository/sources/runtime.py,__future__,UNKNOWN,UNKNOWN,repository,external_or_unknown
repository/sources/runtime.py,repository/mechanisms/models.py,ACTIVE,ACTIVE,repository,repository
repository/sources/runtime.py,repository/objectives/formulas.py,ACTIVE,ACTIVE,repository,repository
repository/sources/runtime.py,repository/objectives/models.py,ACTIVE,ACTIVE,repository,repository
repository/sources/runtime.py,repository/warehouse/__init__.py,ACTIVE,ACTIVE,repository,repository
repository/validation/__init__.py,repository/validation/runtime.py,ACTIVE,ACTIVE,repository,repository
repository/validation/runtime.py,__future__,UNKNOWN,UNKNOWN,repository,external_or_unknown
repository/validation/runtime.py,pandas,UNKNOWN,UNKNOWN,repository,external_or_unknown
repository/validation/runtime.py,pathlib,UNKNOWN,UNKNOWN,repository,external_or_unknown
repository/warehouse/__init__.py,repository/warehouse/warehouse_interface.py,ACTIVE,ACTIVE,repository,repository
repository/warehouse/warehouse_interface.py,__future__,UNKNOWN,UNKNOWN,repository,external_or_unknown
repository/warehouse/warehouse_interface.py,config/__init__.py,ACTIVE,ACTIVE,repository,config
repository/warehouse/warehouse_interface.py,dataclasses,UNKNOWN,UNKNOWN,repository,external_or_unknown
repository/warehouse/warehouse_interface.py,pandas,UNKNOWN,UNKNOWN,repository,external_or_unknown
repository/warehouse/warehouse_interface.py,pathlib,UNKNOWN,UNKNOWN,repository,external_or_unknown
repository/warehouse/warehouse_interface.py,typing,UNKNOWN,UNKNOWN,repository,external_or_unknown
repository/warehouse_qa/__init__.py,repository/warehouse_qa/citations.py,ACTIVE,ACTIVE,repository,repository
repository/warehouse_qa/__init__.py,repository/warehouse_qa/consistency.py,ACTIVE,ACTIVE,repository,repository
repository/warehouse_qa/__init__.py,repository/warehouse_qa/coverage.py,ACTIVE,ACTIVE,repository,repository
repository/warehouse_qa/__init__.py,repository/warehouse_qa/dashboard.py,ACTIVE,ACTIVE,repository,repository
repository/warehouse_qa/__init__.py,repository/warehouse_qa/duplicates.py,ACTIVE,ACTIVE,repository,repository
repository/warehouse_qa/__init__.py,repository/warehouse_qa/foreign_keys.py,ACTIVE,ACTIVE,repository,repository
repository/warehouse_qa/__init__.py,repository/warehouse_qa/models.py,ACTIVE,ACTIVE,repository,repository
repository/warehouse_qa/__init__.py,repository/warehouse_qa/ontology.py,ACTIVE,ACTIVE,repository,repository
repository/warehouse_qa/__init__.py,repository/warehouse_qa/reports.py,ACTIVE,ACTIVE,repository,repository
repository/warehouse_qa/__init__.py,repository/warehouse_qa/runtime.py,ACTIVE,ACTIVE,repository,repository
repository/warehouse_qa/__init__.py,repository/warehouse_qa/units.py,ACTIVE,ACTIVE,repository,repository
repository/warehouse_qa/__init__.py,repository/warehouse_qa/validator.py,ACTIVE,ACTIVE,repository,repository
repository/warehouse_qa/citations.py,__future__,UNKNOWN,UNKNOWN,repository,external_or_unknown
repository/warehouse_qa/citations.py,pandas,UNKNOWN,UNKNOWN,repository,external_or_unknown
repository/warehouse_qa/citations.py,repository/warehouse_qa/models.py,ACTIVE,ACTIVE,repository,repository
repository/warehouse_qa/consistency.py,__future__,UNKNOWN,UNKNOWN,repository,external_or_unknown
repository/warehouse_qa/consistency.py,pandas,UNKNOWN,UNKNOWN,repository,external_or_unknown
repository/warehouse_qa/consistency.py,repository/warehouse_qa/models.py,ACTIVE,ACTIVE,repository,repository
repository/warehouse_qa/coverage.py,__future__,UNKNOWN,UNKNOWN,repository,external_or_unknown
repository/warehouse_qa/coverage.py,pandas,UNKNOWN,UNKNOWN,repository,external_or_unknown
repository/warehouse_qa/coverage.py,repository/warehouse_qa/models.py,ACTIVE,ACTIVE,repository,repository
repository/warehouse_qa/dashboard.py,__future__,UNKNOWN,UNKNOWN,repository,external_or_unknown
repository/warehouse_qa/dashboard.py,datetime,UNKNOWN,UNKNOWN,repository,external_or_unknown
repository/warehouse_qa/dashboard.py,repository/warehouse_qa/models.py,ACTIVE,ACTIVE,repository,repository
repository/warehouse_qa/duplicates.py,__future__,UNKNOWN,UNKNOWN,repository,external_or_unknown
repository/warehouse_qa/duplicates.py,pandas,UNKNOWN,UNKNOWN,repository,external_or_unknown
repository/warehouse_qa/duplicates.py,repository/warehouse_qa/models.py,ACTIVE,ACTIVE,repository,repository
repository/warehouse_qa/foreign_keys.py,__future__,UNKNOWN,UNKNOWN,repository,external_or_unknown
repository/warehouse_qa/foreign_keys.py,pandas,UNKNOWN,UNKNOWN,repository,external_or_unknown
repository/warehouse_qa/foreign_keys.py,repository/warehouse_qa/models.py,ACTIVE,ACTIVE,repository,repository
repository/warehouse_qa/interfaces.py,__future__,UNKNOWN,UNKNOWN,repository,external_or_unknown
repository/warehouse_qa/interfaces.py,pandas,UNKNOWN,UNKNOWN,repository,external_or_unknown
repository/warehouse_qa/interfaces.py,repository/warehouse_qa/models.py,ACTIVE,ACTIVE,repository,repository
repository/warehouse_qa/interfaces.py,typing,UNKNOWN,UNKNOWN,repository,external_or_unknown
repository/warehouse_qa/models.py,__future__,UNKNOWN,UNKNOWN,repository,external_or_unknown
repository/warehouse_qa/models.py,dataclasses,UNKNOWN,UNKNOWN,repository,external_or_unknown
repository/warehouse_qa/ontology.py,__future__,UNKNOWN,UNKNOWN,repository,external_or_unknown
repository/warehouse_qa/ontology.py,pandas,UNKNOWN,UNKNOWN,repository,external_or_unknown
repository/warehouse_qa/ontology.py,repository/warehouse_qa/models.py,ACTIVE,ACTIVE,repository,repository
repository/warehouse_qa/reports.py,__future__,UNKNOWN,UNKNOWN,repository,external_or_unknown
repository/warehouse_qa/reports.py,repository/warehouse_qa/models.py,ACTIVE,ACTIVE,repository,repository
repository/warehouse_qa/runtime.py,__future__,UNKNOWN,UNKNOWN,repository,external_or_unknown
repository/warehouse_qa/runtime.py,dataclasses,UNKNOWN,UNKNOWN,repository,external_or_unknown
repository/warehouse_qa/runtime.py,pandas,UNKNOWN,UNKNOWN,repository,external_or_unknown
repository/warehouse_qa/runtime.py,repository/optimization/runtime.py,ACTIVE,ACTIVE,repository,repository
repository/warehouse_qa/runtime.py,repository/science_graph/builder.py,ACTIVE,ACTIVE,repository,repository
repository/warehouse_qa/runtime.py,repository/warehouse/__init__.py,ACTIVE,ACTIVE,repository,repository
repository/warehouse_qa/runtime.py,repository/warehouse/warehouse_interface.py,ACTIVE,ACTIVE,repository,repository
repository/warehouse_qa/runtime.py,repository/warehouse_qa/citations.py,ACTIVE,ACTIVE,repository,repository
repository/warehouse_qa/runtime.py,repository/warehouse_qa/consistency.py,ACTIVE,ACTIVE,repository,repository
repository/warehouse_qa/runtime.py,repository/warehouse_qa/coverage.py,ACTIVE,ACTIVE,repository,repository
repository/warehouse_qa/runtime.py,repository/warehouse_qa/dashboard.py,ACTIVE,ACTIVE,repository,repository
repository/warehouse_qa/runtime.py,repository/warehouse_qa/duplicates.py,ACTIVE,ACTIVE,repository,repository
repository/warehouse_qa/runtime.py,repository/warehouse_qa/foreign_keys.py,ACTIVE,ACTIVE,repository,repository
repository/warehouse_qa/runtime.py,repository/warehouse_qa/models.py,ACTIVE,ACTIVE,repository,repository
repository/warehouse_qa/runtime.py,repository/warehouse_qa/ontology.py,ACTIVE,ACTIVE,repository,repository
repository/warehouse_qa/runtime.py,repository/warehouse_qa/reports.py,ACTIVE,ACTIVE,repository,repository
repository/warehouse_qa/runtime.py,repository/warehouse_qa/units.py,ACTIVE,ACTIVE,repository,repository
repository/warehouse_qa/runtime.py,repository/warehouse_qa/validator.py,ACTIVE,ACTIVE,repository,repository
repository/warehouse_qa/units.py,__future__,UNKNOWN,UNKNOWN,repository,external_or_unknown
repository/warehouse_qa/units.py,pandas,UNKNOWN,UNKNOWN,repository,external_or_unknown
repository/warehouse_qa/units.py,repository/warehouse_qa/models.py,ACTIVE,ACTIVE,repository,repository
repository/warehouse_qa/validator.py,__future__,UNKNOWN,UNKNOWN,repository,external_or_unknown
repository/warehouse_qa/validator.py,pandas,UNKNOWN,UNKNOWN,repository,external_or_unknown
repository/warehouse_qa/validator.py,re,UNKNOWN,UNKNOWN,repository,external_or_unknown
repository/warehouse_qa/validator.py,repository/warehouse_qa/models.py,ACTIVE,ACTIVE,repository,repository
scripts/validate_warehouse.py,__future__,UNKNOWN,UNKNOWN,scripts,external_or_unknown
scripts/validate_warehouse.py,config/__init__.py,ACTIVE,ACTIVE,scripts,config
scripts/validate_warehouse.py,pathlib,UNKNOWN,UNKNOWN,scripts,external_or_unknown
scripts/validate_warehouse.py,repository/warehouse/__init__.py,ACTIVE,ACTIVE,scripts,repository
scripts/validate_warehouse.py,sys,UNKNOWN,UNKNOWN,scripts,external_or_unknown
tests/benchmarks/test_benchmark_runner.py,__future__,UNKNOWN,UNKNOWN,tests,external_or_unknown
tests/benchmarks/test_benchmark_runner.py,repository/benchmarks/runner.py,ACTIVE,ACTIVE,tests,repository
tests/benchmarks/test_benchmark_runner.py,repository/warehouse/__init__.py,ACTIVE,ACTIVE,tests,repository
tests/engine/test_engine_layer_boundaries.py,__future__,UNKNOWN,UNKNOWN,tests,external_or_unknown
tests/engine/test_engine_layer_boundaries.py,repository/engine/biology/service.py,ACTIVE,ACTIVE,tests,repository
tests/engine/test_engine_layer_boundaries.py,repository/engine/epidemiology/service.py,ACTIVE,ACTIVE,tests,repository
tests/engine/test_engine_layer_boundaries.py,repository/engine/estimation/service.py,ACTIVE,ACTIVE,tests,repository
tests/formulas/test_formula_runtime.py,__future__,UNKNOWN,UNKNOWN,tests,external_or_unknown
tests/formulas/test_formula_runtime.py,repository/formulas/loader.py,ACTIVE,ACTIVE,tests,repository
tests/formulas/test_formula_runtime.py,repository/formulas/registry.py,ACTIVE,ACTIVE,tests,repository
tests/formulas/test_formula_runtime.py,repository/formulas/resolver.py,ACTIVE,ACTIVE,tests,repository
tests/formulas/test_formula_runtime.py,repository/formulas/runtime.py,ACTIVE,ACTIVE,tests,repository
tests/formulas/test_formula_runtime.py,repository/formulas/validator.py,ACTIVE,ACTIVE,tests,repository
tests/formulas/test_formula_runtime.py,repository/warehouse/__init__.py,ACTIVE,ACTIVE,tests,repository
tests/math_debugger/test_math_debugger_runtime.py,__future__,UNKNOWN,UNKNOWN,tests,external_or_unknown
tests/math_debugger/test_math_debugger_runtime.py,pathlib,UNKNOWN,UNKNOWN,tests,external_or_unknown
tests/math_debugger/test_math_debugger_runtime.py,repository/math_debugger/__init__.py,ACTIVE,ACTIVE,tests,repository
tests/math_debugger/test_math_debugger_runtime.py,repository/mathematics/runtime.py,ACTIVE,ACTIVE,tests,repository
tests/math_debugger/test_math_debugger_runtime.py,repository/models/runtime.py,ACTIVE,ACTIVE,tests,repository
tests/math_debugger/test_math_debugger_runtime.py,repository/objectives/models.py,ACTIVE,ACTIVE,tests,repository
tests/math_debugger/test_math_debugger_runtime.py,repository/optimization/runtime.py,ACTIVE,ACTIVE,tests,repository
tests/math_debugger/test_math_debugger_runtime.py,repository/pipeline/biological_runtime.py,ACTIVE,ACTIVE,tests,repository
tests/math_debugger/test_math_debugger_runtime.py,repository/warehouse/__init__.py,ACTIVE,ACTIVE,tests,repository
tests/math_debugger/test_mathematical_integrity.py,__future__,UNKNOWN,UNKNOWN,tests,external_or_unknown
tests/math_debugger/test_mathematical_integrity.py,pathlib,UNKNOWN,UNKNOWN,tests,external_or_unknown
tests/math_debugger/test_mathematical_integrity.py,repository/math_debugger/__init__.py,ACTIVE,ACTIVE,tests,repository
tests/math_debugger/test_mathematical_integrity.py,repository/math_debugger/independent_replay.py,ACTIVE,ACTIVE,tests,repository
tests/math_debugger/test_mathematical_integrity.py,repository/math_debugger/numerical_inventory.py,ACTIVE,ACTIVE,tests,repository
tests/math_debugger/test_mathematical_integrity.py,repository/math_debugger/sensitivity.py,ACTIVE,ACTIVE,tests,repository
tests/math_debugger/test_mathematical_integrity.py,repository/mathematics/agreement.py,ACTIVE,ACTIVE,tests,repository
tests/math_debugger/test_mathematical_integrity.py,repository/mathematics/bayesian.py,ACTIVE,ACTIVE,tests,repository
tests/math_debugger/test_mathematical_integrity.py,repository/mathematics/models.py,ACTIVE,ACTIVE,tests,repository
tests/math_debugger/test_mathematical_integrity.py,repository/models/runtime.py,ACTIVE,ACTIVE,tests,repository
tests/math_debugger/test_mathematical_integrity.py,repository/pipeline/biological_runtime.py,ACTIVE,ACTIVE,tests,repository
tests/math_debugger/test_mathematical_integrity.py,repository/warehouse/__init__.py,ACTIVE,ACTIVE,tests,repository
tests/mathematics/test_mathematics_runtime.py,__future__,UNKNOWN,UNKNOWN,tests,external_or_unknown
tests/mathematics/test_mathematics_runtime.py,copy,UNKNOWN,UNKNOWN,tests,external_or_unknown
tests/mathematics/test_mathematics_runtime.py,repository/mathematics/formulas.py,ACTIVE,ACTIVE,tests,repository
tests/mathematics/test_mathematics_runtime.py,repository/mathematics/runtime.py,ACTIVE,ACTIVE,tests,repository
tests/mathematics/test_mathematics_runtime.py,repository/models/runtime.py,ACTIVE,ACTIVE,tests,repository
tests/mathematics/test_methodology_audit.py,__future__,UNKNOWN,UNKNOWN,tests,external_or_unknown
tests/mathematics/test_methodology_audit.py,csv,UNKNOWN,UNKNOWN,tests,external_or_unknown
tests/mathematics/test_methodology_audit.py,hashlib,UNKNOWN,UNKNOWN,tests,external_or_unknown
tests/mathematics/test_methodology_audit.py,json,UNKNOWN,UNKNOWN,tests,external_or_unknown
tests/mathematics/test_methodology_audit.py,pathlib,UNKNOWN,UNKNOWN,tests,external_or_unknown
tests/mathematics/test_methodology_audit.py,repository/formulas/loader.py,ACTIVE,ACTIVE,tests,repository
tests/mathematics/test_methodology_audit.py,repository/mathematics/runtime.py,ACTIVE,ACTIVE,tests,repository
tests/mathematics/test_methodology_audit.py,repository/models/runtime.py,ACTIVE,ACTIVE,tests,repository
tests/mathematics/test_methodology_audit.py,repository/warehouse/__init__.py,ACTIVE,ACTIVE,tests,repository
tests/mechanisms/test_mechanism_runtime.py,__future__,UNKNOWN,UNKNOWN,tests,external_or_unknown
tests/mechanisms/test_mechanism_runtime.py,repository/mechanisms/__init__.py,ACTIVE,ACTIVE,tests,repository
tests/mechanisms/test_mechanism_runtime.py,repository/models/explainability.py,ACTIVE,ACTIVE,tests,repository
tests/mechanisms/test_mechanism_runtime.py,repository/reasoning/models.py,ACTIVE,ACTIVE,tests,repository
tests/mechanisms/test_mechanism_runtime.py,repository/warehouse/__init__.py,ACTIVE,ACTIVE,tests,repository
tests/objectives/test_objective_runtime.py,__future__,UNKNOWN,UNKNOWN,tests,external_or_unknown
tests/objectives/test_objective_runtime.py,repository/models/explainability.py,ACTIVE,ACTIVE,tests,repository
tests/objectives/test_objective_runtime.py,repository/objectives/__init__.py,ACTIVE,ACTIVE,tests,repository
tests/objectives/test_objective_runtime.py,repository/reasoning/models.py,ACTIVE,ACTIVE,tests,repository
tests/objectives/test_objective_runtime.py,repository/warehouse/__init__.py,ACTIVE,ACTIVE,tests,repository
tests/optimization/test_optimization_runtime.py,__future__,UNKNOWN,UNKNOWN,tests,external_or_unknown
tests/optimization/test_optimization_runtime.py,repository/objectives/models.py,ACTIVE,ACTIVE,tests,repository
tests/optimization/test_optimization_runtime.py,repository/optimization/__init__.py,ACTIVE,ACTIVE,tests,repository
tests/optimization/test_optimization_runtime.py,repository/optimization/models.py,ACTIVE,ACTIVE,tests,repository
tests/optimization/test_optimization_runtime.py,repository/warehouse/__init__.py,ACTIVE,ACTIVE,tests,repository
tests/pipeline/test_biological_runtime.py,__future__,UNKNOWN,UNKNOWN,tests,external_or_unknown
tests/pipeline/test_biological_runtime.py,repository/models/runtime.py,ACTIVE,ACTIVE,tests,repository
tests/pipeline/test_biological_runtime.py,repository/pipeline/biological_runtime.py,ACTIVE,ACTIVE,tests,repository
tests/pipeline/test_biological_runtime.py,repository/warehouse/__init__.py,ACTIVE,ACTIVE,tests,repository
tests/pipeline/test_pipeline_architecture.py,__future__,UNKNOWN,UNKNOWN,tests,external_or_unknown
tests/pipeline/test_pipeline_architecture.py,ast,UNKNOWN,UNKNOWN,tests,external_or_unknown
tests/pipeline/test_pipeline_architecture.py,dataclasses,UNKNOWN,UNKNOWN,tests,external_or_unknown
tests/pipeline/test_pipeline_architecture.py,pathlib,UNKNOWN,UNKNOWN,tests,external_or_unknown
tests/pipeline/test_pipeline_architecture.py,repository/models/__init__.py,ACTIVE,ACTIVE,tests,repository
tests/pipeline/test_pipeline_architecture.py,repository/pipeline/orchestrator.py,ACTIVE,ACTIVE,tests,repository
tests/pipeline/test_pipeline_architecture.py,repository/pipeline/stage_order.py,ACTIVE,ACTIVE,tests,repository
tests/reasoning/test_reasoning_runtime.py,__future__,UNKNOWN,UNKNOWN,tests,external_or_unknown
tests/reasoning/test_reasoning_runtime.py,repository/models/runtime.py,ACTIVE,ACTIVE,tests,repository
tests/reasoning/test_reasoning_runtime.py,repository/pipeline/biological_runtime.py,ACTIVE,ACTIVE,tests,repository
tests/reasoning/test_reasoning_runtime.py,repository/reasoning/agreement/__init__.py,ACTIVE,ACTIVE,tests,repository
tests/reasoning/test_reasoning_runtime.py,repository/reasoning/estimation/__init__.py,ACTIVE,ACTIVE,tests,repository
tests/reasoning/test_reasoning_runtime.py,repository/reasoning/observed/__init__.py,ACTIVE,ACTIVE,tests,repository
tests/reasoning/test_reasoning_runtime.py,repository/reasoning/runtime.py,ACTIVE,ACTIVE,tests,repository
tests/reasoning/test_reasoning_runtime.py,repository/warehouse/__init__.py,ACTIVE,ACTIVE,tests,repository
tests/science_graph/test_science_graph_runtime.py,__future__,UNKNOWN,UNKNOWN,tests,external_or_unknown
tests/science_graph/test_science_graph_runtime.py,repository/science_graph/__init__.py,ACTIVE,ACTIVE,tests,repository
tests/science_graph/test_science_graph_runtime.py,repository/warehouse/__init__.py,ACTIVE,ACTIVE,tests,repository
tests/test_agent_pipeline.py,app/agent/engine.py,ACTIVE,ACTIVE,tests,app
tests/test_agent_pipeline.py,app/agent/state.py,ACTIVE,ACTIVE,tests,app
tests/test_agent_pipeline.py,app/core/paths.py,ACTIVE,ACTIVE,tests,app
tests/test_agent_pipeline.py,app/main.py,ACTIVE,ACTIVE,tests,app
tests/test_agent_pipeline.py,httpx,UNKNOWN,UNKNOWN,tests,external_or_unknown
tests/test_agent_pipeline.py,pytest,UNKNOWN,UNKNOWN,tests,external_or_unknown
tests/test_clinical_assessment.py,app/agent/engine.py,ACTIVE,ACTIVE,tests,app
tests/test_clinical_assessment.py,app/agent/state.py,ACTIVE,ACTIVE,tests,app
tests/test_clinical_assessment.py,app/agent/utils.py,ACTIVE,ACTIVE,tests,app
tests/test_clinical_assessment.py,app/core/paths.py,ACTIVE,ACTIVE,tests,app
tests/test_clinical_assessment.py,app/data/clinical_assessment.py,ACTIVE,ACTIVE,tests,app
tests/test_clinical_assessment.py,asyncio,UNKNOWN,UNKNOWN,tests,external_or_unknown
tests/test_clinical_assessment.py,pytest,UNKNOWN,UNKNOWN,tests,external_or_unknown
tests/test_clinical_report.py,app/agent/engine.py,ACTIVE,ACTIVE,tests,app
tests/test_clinical_report.py,app/agent/state.py,ACTIVE,ACTIVE,tests,app
tests/test_clinical_report.py,app/agent/utils.py,ACTIVE,ACTIVE,tests,app
tests/test_clinical_report.py,app/core/paths.py,ACTIVE,ACTIVE,tests,app
tests/test_clinical_report.py,app/data/clinical_report_builder.py,ACTIVE,ACTIVE,tests,app
tests/test_clinical_report.py,asyncio,UNKNOWN,UNKNOWN,tests,external_or_unknown
tests/test_clinical_report.py,pytest,UNKNOWN,UNKNOWN,tests,external_or_unknown
tests/test_engine_trace.py,app/agent/engine.py,ACTIVE,ACTIVE,tests,app
tests/test_engine_trace.py,app/agent/state.py,ACTIVE,ACTIVE,tests,app
tests/test_engine_trace.py,app/agent/utils.py,ACTIVE,ACTIVE,tests,app
tests/test_engine_trace.py,app/core/paths.py,ACTIVE,ACTIVE,tests,app
tests/test_engine_trace.py,app/data/clinical_assessment.py,ACTIVE,ACTIVE,tests,app
tests/test_engine_trace.py,app/debug/clinical_execution_debug.py,ACTIVE,ACTIVE,tests,app
tests/test_engine_trace.py,asyncio,UNKNOWN,UNKNOWN,tests,external_or_unknown
tests/test_engine_trace.py,os,UNKNOWN,UNKNOWN,tests,external_or_unknown
tests/test_engine_trace.py,pytest,UNKNOWN,UNKNOWN,tests,external_or_unknown
tests/test_formula_graph.py,__future__,UNKNOWN,UNKNOWN,tests,external_or_unknown
tests/test_formula_graph.py,app/agent/assessment_agent.py,ACTIVE,ACTIVE,tests,app
tests/test_formula_graph.py,app/agent/engine.py,ACTIVE,ACTIVE,tests,app
tests/test_formula_graph.py,app/agent/formula_graph.py,ACTIVE,ACTIVE,tests,app
tests/test_formula_graph.py,app/agent/formula_registry.py,ACTIVE,ACTIVE,tests,app
tests/test_formula_graph.py,app/agent/nodes/__init__.py,ACTIVE,ACTIVE,tests,app
tests/test_formula_graph.py,app/agent/state.py,ACTIVE,ACTIVE,tests,app
tests/test_formula_graph.py,app/agent/utils.py,ACTIVE,ACTIVE,tests,app
tests/test_formula_graph.py,app/core/paths.py,ACTIVE,ACTIVE,tests,app
tests/test_formula_graph.py,app/data/warehouse/parity.py,ACTIVE,ACTIVE,tests,app
tests/test_formula_graph.py,asyncio,UNKNOWN,UNKNOWN,tests,external_or_unknown
tests/test_formula_graph.py,pytest,UNKNOWN,UNKNOWN,tests,external_or_unknown
tests/test_inference_layer.py,app/core/paths.py,ACTIVE,ACTIVE,tests,app
tests/test_inference_layer.py,app/data/runtime.py,ACTIVE,ACTIVE,tests,app
tests/test_inference_layer.py,app/inference/confidence.py,ACTIVE,ACTIVE,tests,app
tests/test_inference_layer.py,app/inference/config.py,ACTIVE,ACTIVE,tests,app
tests/test_inference_layer.py,app/inference/ingredient.py,ACTIVE,ACTIVE,tests,app
tests/test_inference_layer.py,app/inference/nutrition.py,ACTIVE,ACTIVE,tests,app
tests/test_inference_layer.py,app/inference/risk.py,ACTIVE,ACTIVE,tests,app
tests/test_inference_layer.py,app/inference/score.py,ACTIVE,ACTIVE,tests,app
tests/test_inference_parity.py,app/agent/engine.py,ACTIVE,ACTIVE,tests,app
tests/test_inference_parity.py,app/agent/state.py,ACTIVE,ACTIVE,tests,app
tests/test_inference_parity.py,app/core/paths.py,ACTIVE,ACTIVE,tests,app
tests/test_inference_parity.py,app/inference/config.py,ACTIVE,ACTIVE,tests,app
tests/test_inference_parity.py,asyncio,UNKNOWN,UNKNOWN,tests,external_or_unknown
tests/test_inference_parity.py,json,UNKNOWN,UNKNOWN,tests,external_or_unknown
tests/test_inference_parity.py,pytest,UNKNOWN,UNKNOWN,tests,external_or_unknown
tests/test_package_optimizer.py,app/agent/engine.py,ACTIVE,ACTIVE,tests,app
tests/test_package_optimizer.py,app/agent/package_optimizer.py,ACTIVE,ACTIVE,tests,app
tests/test_package_optimizer.py,app/agent/state.py,ACTIVE,ACTIVE,tests,app
tests/test_package_optimizer.py,app/agent/utils.py,ACTIVE,ACTIVE,tests,app
tests/test_package_optimizer.py,app/core/paths.py,ACTIVE,ACTIVE,tests,app
tests/test_package_optimizer.py,app/data/report_models.py,ACTIVE,ACTIVE,tests,app
tests/test_package_optimizer.py,asyncio,UNKNOWN,UNKNOWN,tests,external_or_unknown
tests/test_package_optimizer.py,pytest,UNKNOWN,UNKNOWN,tests,external_or_unknown
tests/test_phase6_authoring.py,__future__,UNKNOWN,UNKNOWN,tests,external_or_unknown
tests/test_phase6_authoring.py,app/agent/engine.py,ACTIVE,ACTIVE,tests,app
tests/test_phase6_authoring.py,app/agent/state.py,ACTIVE,ACTIVE,tests,app
tests/test_phase6_authoring.py,app/api/main.py,ACTIVE,ACTIVE,tests,app
tests/test_phase6_authoring.py,app/core/paths.py,ACTIVE,ACTIVE,tests,app
tests/test_phase6_authoring.py,app/data/repository.py,ACTIVE,ACTIVE,tests,app
tests/test_phase6_authoring.py,app/data/warehouse/parity.py,ACTIVE,ACTIVE,tests,app
tests/test_phase6_authoring.py,authoring.builder,UNKNOWN,UNKNOWN,tests,external_or_unknown
tests/test_phase6_authoring.py,authoring.models,UNKNOWN,UNKNOWN,tests,external_or_unknown
tests/test_phase6_authoring.py,authoring.portal,UNKNOWN,UNKNOWN,tests,external_or_unknown
tests/test_phase6_authoring.py,curation.conflict_resolution,UNKNOWN,UNKNOWN,tests,external_or_unknown
tests/test_phase6_authoring.py,curation.duplicate_detection,UNKNOWN,UNKNOWN,tests,external_or_unknown
tests/test_phase6_authoring.py,curation.evidence_ranking,UNKNOWN,UNKNOWN,tests,external_or_unknown
tests/test_phase6_authoring.py,fastapi.testclient,UNKNOWN,UNKNOWN,tests,external_or_unknown
tests/test_phase6_authoring.py,ontology,UNKNOWN,UNKNOWN,tests,external_or_unknown
tests/test_phase6_authoring.py,pathlib,UNKNOWN,UNKNOWN,tests,external_or_unknown
tests/test_phase6_authoring.py,pytest,UNKNOWN,UNKNOWN,tests,external_or_unknown
tests/test_science_graph.py,__future__,UNKNOWN,UNKNOWN,tests,external_or_unknown
tests/test_science_graph.py,app/agent/engine.py,ACTIVE,ACTIVE,tests,app
tests/test_science_graph.py,app/agent/state.py,ACTIVE,ACTIVE,tests,app
tests/test_science_graph.py,app/core/paths.py,ACTIVE,ACTIVE,tests,app
tests/test_science_graph.py,app/data/repository.py,ACTIVE,ACTIVE,tests,app
tests/test_science_graph.py,app/data/warehouse/parity.py,ACTIVE,ACTIVE,tests,app
tests/test_science_graph.py,app/science/audit.py,ACTIVE,ACTIVE,tests,app
tests/test_science_graph.py,app/science/builder.py,ACTIVE,ACTIVE,tests,app
tests/test_science_graph.py,app/science/confidence.py,ACTIVE,ACTIVE,tests,app
tests/test_science_graph.py,app/science/coverage.py,ACTIVE,ACTIVE,tests,app
tests/test_science_graph.py,app/science/diff_engine.py,ACTIVE,ACTIVE,tests,app
tests/test_science_graph.py,app/science/explanations.py,ACTIVE,ACTIVE,tests,app
tests/test_science_graph.py,app/science/repository.py,ACTIVE,ACTIVE,tests,app
tests/test_science_graph.py,app/science/validator.py,ACTIVE,ACTIVE,tests,app
tests/test_science_graph.py,app/science/versioning.py,ACTIVE,ACTIVE,tests,app
tests/test_science_graph.py,asyncio,UNKNOWN,UNKNOWN,tests,external_or_unknown
tests/test_science_graph.py,pytest,UNKNOWN,UNKNOWN,tests,external_or_unknown
tests/test_standard_report.py,app/agent/engine.py,ACTIVE,ACTIVE,tests,app
tests/test_standard_report.py,app/agent/state.py,ACTIVE,ACTIVE,tests,app
tests/test_standard_report.py,app/agent/utils.py,ACTIVE,ACTIVE,tests,app
tests/test_standard_report.py,app/core/paths.py,ACTIVE,ACTIVE,tests,app
tests/test_standard_report.py,app/data/report_generator.py,ACTIVE,ACTIVE,tests,app
tests/test_standard_report.py,app/data/report_schema.py,ACTIVE,ACTIVE,tests,app
tests/test_standard_report.py,asyncio,UNKNOWN,UNKNOWN,tests,external_or_unknown
tests/test_standard_report.py,pytest,UNKNOWN,UNKNOWN,tests,external_or_unknown
tests/test_ui_templates.py,app/agent/engine.py,ACTIVE,ACTIVE,tests,app
tests/test_ui_templates.py,app/agent/state.py,ACTIVE,ACTIVE,tests,app
tests/test_ui_templates.py,app/agent/utils.py,ACTIVE,ACTIVE,tests,app
tests/test_ui_templates.py,app/core/paths.py,ACTIVE,ACTIVE,tests,app
tests/test_ui_templates.py,app/ui/renderer/diary.py,ACTIVE,ACTIVE,tests,app
tests/test_ui_templates.py,app/ui/renderer/formatters.py,ACTIVE,ACTIVE,tests,app
tests/test_ui_templates.py,app/ui/renderer/home.py,ACTIVE,ACTIVE,tests,app
tests/test_ui_templates.py,app/ui/renderer/journey.py,ACTIVE,ACTIVE,tests,app
tests/test_ui_templates.py,app/ui/renderer/navigation.py,ACTIVE,ACTIVE,tests,app
tests/test_ui_templates.py,app/ui/renderer/template_engine.py,ACTIVE,ACTIVE,tests,app
tests/test_ui_templates.py,app/ui/renderer/wellness.py,ACTIVE,ACTIVE,tests,app
tests/test_ui_templates.py,asyncio,UNKNOWN,UNKNOWN,tests,external_or_unknown
tests/test_ui_templates.py,dataclasses,UNKNOWN,UNKNOWN,tests,external_or_unknown
tests/test_ui_templates.py,pytest,UNKNOWN,UNKNOWN,tests,external_or_unknown
tests/test_validation_console.py,app/agent/engine.py,ACTIVE,ACTIVE,tests,app
tests/test_validation_console.py,app/agent/state.py,ACTIVE,ACTIVE,tests,app
tests/test_validation_console.py,app/agent/utils.py,ACTIVE,ACTIVE,tests,app
tests/test_validation_console.py,app/core/paths.py,ACTIVE,ACTIVE,tests,app
tests/test_validation_console.py,app/data/clinical_assessment.py,ACTIVE,ACTIVE,tests,app
tests/test_validation_console.py,app/debug/clinical_execution_debug.py,ACTIVE,ACTIVE,tests,app
tests/test_validation_console.py,app/inference/formula_registry.py,ACTIVE,ACTIVE,tests,app
tests/test_validation_console.py,asyncio,UNKNOWN,UNKNOWN,tests,external_or_unknown
tests/test_validation_console.py,pytest,UNKNOWN,UNKNOWN,tests,external_or_unknown
tests/test_validation_console_live.py,app.api,UNKNOWN,UNKNOWN,tests,external_or_unknown
tests/test_validation_console_live.py,app/agent/engine.py,ACTIVE,ACTIVE,tests,app
tests/test_validation_console_live.py,app/agent/state.py,ACTIVE,ACTIVE,tests,app
tests/test_validation_console_live.py,app/agent/utils.py,ACTIVE,ACTIVE,tests,app
tests/test_validation_console_live.py,app/core/paths.py,ACTIVE,ACTIVE,tests,app
tests/test_validation_console_live.py,app/data/clinical_assessment.py,ACTIVE,ACTIVE,tests,app
tests/test_validation_console_live.py,app/debug/clinical_execution_debug.py,ACTIVE,ACTIVE,tests,app
tests/test_validation_console_live.py,asyncio,UNKNOWN,UNKNOWN,tests,external_or_unknown
tests/test_validation_console_live.py,fastapi.testclient,UNKNOWN,UNKNOWN,tests,external_or_unknown
tests/test_validation_console_live.py,pytest,UNKNOWN,UNKNOWN,tests,external_or_unknown
tests/test_warehouse_parity.py,__future__,UNKNOWN,UNKNOWN,tests,external_or_unknown
tests/test_warehouse_parity.py,app/agent/engine.py,ACTIVE,ACTIVE,tests,app
tests/test_warehouse_parity.py,app/agent/state.py,ACTIVE,ACTIVE,tests,app
tests/test_warehouse_parity.py,app/core/paths.py,ACTIVE,ACTIVE,tests,app
tests/test_warehouse_parity.py,app/data/repository.py,ACTIVE,ACTIVE,tests,app
tests/test_warehouse_parity.py,app/data/warehouse/ingredients.py,ACTIVE,ACTIVE,tests,app
tests/test_warehouse_parity.py,app/data/warehouse/parameters.py,ACTIVE,ACTIVE,tests,app
tests/test_warehouse_parity.py,app/data/warehouse/parity.py,ACTIVE,ACTIVE,tests,app
tests/test_warehouse_parity.py,app/data/warehouse/units.py,ACTIVE,ACTIVE,tests,app
tests/test_warehouse_parity.py,asyncio,UNKNOWN,UNKNOWN,tests,external_or_unknown
tests/test_warehouse_parity.py,itertools,UNKNOWN,UNKNOWN,tests,external_or_unknown
tests/test_warehouse_parity.py,os,UNKNOWN,UNKNOWN,tests,external_or_unknown
tests/test_warehouse_parity.py,pytest,UNKNOWN,UNKNOWN,tests,external_or_unknown
tests/test_warehouse_parity.py,typing,UNKNOWN,UNKNOWN,tests,external_or_unknown
tests/test_warehouse_parity.py,warehouse/repository/scientific.py,ACTIVE,ACTIVE,tests,warehouse
tests/warehouse/test_warehouse_interface.py,__future__,UNKNOWN,UNKNOWN,tests,external_or_unknown
tests/warehouse/test_warehouse_interface.py,repository/warehouse/__init__.py,ACTIVE,ACTIVE,tests,repository
tests/warehouse_qa/test_warehouse_qa_runtime.py,__future__,UNKNOWN,UNKNOWN,tests,external_or_unknown
tests/warehouse_qa/test_warehouse_qa_runtime.py,pandas,UNKNOWN,UNKNOWN,tests,external_or_unknown
tests/warehouse_qa/test_warehouse_qa_runtime.py,repository/warehouse/__init__.py,ACTIVE,ACTIVE,tests,repository
tests/warehouse_qa/test_warehouse_qa_runtime.py,repository/warehouse_qa/__init__.py,ACTIVE,ACTIVE,tests,repository
warehouse/repository/__init__.py,warehouse/repository/domains.py,ACTIVE,ACTIVE,warehouse,warehouse
warehouse/repository/__init__.py,warehouse/repository/entities.py,ACTIVE,ACTIVE,warehouse,warehouse
warehouse/repository/__init__.py,warehouse/repository/scientific.py,ACTIVE,ACTIVE,warehouse,warehouse
warehouse/repository/domains.py,__future__,UNKNOWN,UNKNOWN,warehouse,external_or_unknown
warehouse/repository/domains.py,app/core/paths.py,ACTIVE,ACTIVE,warehouse,app
warehouse/repository/domains.py,app/data/native_loader.py,ACTIVE,ACTIVE,warehouse,app
warehouse/repository/domains.py,csv,UNKNOWN,UNKNOWN,warehouse,external_or_unknown
warehouse/repository/domains.py,pathlib,UNKNOWN,UNKNOWN,warehouse,external_or_unknown
warehouse/repository/entities.py,__future__,UNKNOWN,UNKNOWN,warehouse,external_or_unknown
warehouse/repository/entities.py,dataclasses,UNKNOWN,UNKNOWN,warehouse,external_or_unknown
warehouse/repository/entities.py,re,UNKNOWN,UNKNOWN,warehouse,external_or_unknown
warehouse/repository/entities.py,typing,UNKNOWN,UNKNOWN,warehouse,external_or_unknown
warehouse/repository/scientific.py,__future__,UNKNOWN,UNKNOWN,warehouse,external_or_unknown
warehouse/repository/scientific.py,app/core/paths.py,ACTIVE,ACTIVE,warehouse,app
warehouse/repository/scientific.py,csv,UNKNOWN,UNKNOWN,warehouse,external_or_unknown
warehouse/repository/scientific.py,functools,UNKNOWN,UNKNOWN,warehouse,external_or_unknown
warehouse/repository/scientific.py,pathlib,UNKNOWN,UNKNOWN,warehouse,external_or_unknown
warehouse/repository/scientific.py,typing,UNKNOWN,UNKNOWN,warehouse,external_or_unknown
warehouse/repository/scientific.py,warehouse/repository/entities.py,ACTIVE,ACTIVE,warehouse,warehouse
repository/engine/__init__.py,,N/A,ORPHAN,repository,
