path,file_type,size_bytes,directory,phase_origin,runtime_role,scientific_role,warehouse_role,imported_by,imports,referenced_by,status,disposition,reason,replacement_path,deletion_risk
.streamlit/config.toml,toml,61,.streamlit,UNKNOWN,runtime_or_tooling,general,none,,,,UNKNOWN,REVIEW,requires owner validation,,LOW
app/agent/__init__.py,py,509,app,UNKNOWN,runtime_or_tooling,general,none,app/agent/__init__.py,__future__|app.agent|app.agent.engine|typing,,ACTIVE,KEEP,active or retained for audit,,LOW
app/agent/assessment_agent.py,py,3541,app,UNKNOWN,runtime_or_tooling,general,none,app/agent/engine.py|tests/test_formula_graph.py,__future__|app.agent.assessment_result|app.agent.execution_context|app.agent.formula_graph|app.agent.nodes|app.agent.state|app.agent.utils|app.data.warehouse.parameters|app.data.warehouse.units|app.science.attach|logging|time|typing,,ACTIVE,KEEP,active or retained for audit,,LOW
app/agent/assessment_result.py,py,3815,app,UNKNOWN,runtime_or_tooling,general,none,app/agent/assessment_agent.py|app/science/attach.py,__future__|app.agent.execution_context|app.agent.state|dataclasses|typing,,ACTIVE,KEEP,active or retained for audit,,LOW
app/agent/bundle_engine.py,py,9800,app,UNKNOWN,runtime_or_tooling,general,none,app/agent/response_assembler.py,__future__|app.agent.utils|math|pandas|typing,,ACTIVE,KEEP,active or retained for audit,,LOW
app/agent/calculation_trace.py,py,8792,app,UNKNOWN,runtime_or_tooling,general,none,app/agent/response_assembler.py,__future__|app.agent.condition_lookup|app.agent.utils|app.agent.wellness_map|re|typing,,ACTIVE,KEEP,active or retained for audit,,LOW
app/agent/condition_lookup.py,py,2975,app,UNKNOWN,runtime_or_tooling,general,none,app/agent/calculation_trace.py|app/agent/ingredient_engine.py|app/agent/package_detail.py|app/agent/pipeline_trace.py|app/agent/response_assembler.py|app/api/evidence.py|app/data/warehouse/ingredients.py,__future__|app.inference.resolver|typing,,ACTIVE,KEEP,active or retained for audit,,LOW
app/agent/engine.py,py,2546,app,UNKNOWN,runtime_or_tooling,general,none,app/agent/__init__.py|app/api/main.py|app/ui/renderer/navigation.py|tests/test_agent_pipeline.py|tests/test_clinical_assessment.py|tests/test_clinical_report.py|tests/test_engine_trace.py|tests/test_formula_graph.py|tests/test_inference_parity.py|tests/test_package_optimizer.py|tests/test_phase6_authoring.py|tests/test_science_graph.py|tests/test_standard_report.py|tests/test_ui_templates.py|tests/test_validation_console.py|tests/test_validation_console_live.py|tests/test_warehouse_parity.py,__future__|app.agent.assessment_agent|app.agent.state|app.agent.utils|app.core.paths|asyncio|logging|typing,,ACTIVE,KEEP,active or retained for audit,,LOW
app/agent/execution_context.py,py,2824,app,UNKNOWN,runtime_or_tooling,general,none,app/agent/assessment_agent.py|app/agent/assessment_result.py|app/agent/formula_graph.py|app/agent/formula_node.py|app/agent/nodes/activity_node.py|app/agent/nodes/assessment_node.py|app/agent/nodes/biology_node.py|app/agent/nodes/breed_node.py|app/agent/nodes/confidence_node.py|app/agent/nodes/epidemiology_node.py|app/agent/nodes/evidence_node.py|app/agent/nodes/export_node.py|app/agent/nodes/grooming_node.py|app/agent/nodes/ingredient_node.py|app/agent/nodes/nutrition_node.py|app/agent/nodes/package_node.py|app/agent/nodes/product_node.py|app/agent/nodes/profile_node.py|app/agent/nodes/report_node.py|app/agent/nodes/risk_node.py|app/agent/nodes/trace_node.py|app/agent/nodes/validation_node.py,__future__|app.agent.state|app.agent.utils|app.data.warehouse.parameters|app.data.warehouse.units|dataclasses|typing,,ACTIVE,KEEP,active or retained for audit,,LOW
app/agent/formula_graph.py,py,2707,app,UNKNOWN,runtime_or_tooling,math_or_audit,none,app/agent/assessment_agent.py|tests/test_formula_graph.py,__future__|app.agent.execution_context|app.agent.formula_node|typing,,ACTIVE,KEEP,active or retained for audit,,LOW
app/agent/formula_node.py,py,4319,app,UNKNOWN,runtime_or_tooling,math_or_audit,none,app/agent/formula_graph.py|app/agent/nodes/activity_node.py|app/agent/nodes/assessment_node.py|app/agent/nodes/biology_node.py|app/agent/nodes/breed_node.py|app/agent/nodes/confidence_node.py|app/agent/nodes/epidemiology_node.py|app/agent/nodes/evidence_node.py|app/agent/nodes/export_node.py|app/agent/nodes/grooming_node.py|app/agent/nodes/ingredient_node.py|app/agent/nodes/nutrition_node.py|app/agent/nodes/package_node.py|app/agent/nodes/product_node.py|app/agent/nodes/profile_node.py|app/agent/nodes/report_node.py|app/agent/nodes/risk_node.py|app/agent/nodes/trace_node.py|app/agent/nodes/validation_node.py,__future__|abc|app.agent.execution_context|time|typing,,ACTIVE,KEEP,active or retained for audit,,LOW
app/agent/formula_registry.py,py,8375,app,UNKNOWN,runtime_or_tooling,math_or_audit,none,app/agent/nodes/trace_node.py|tests/test_formula_graph.py,__future__|typing,,ACTIVE,KEEP,active or retained for audit,,LOW
app/agent/formula_trace.py,py,12582,app,UNKNOWN,runtime_or_tooling,math_or_audit,none,app/agent/ingredient_engine.py|app/agent/package_optimizer.py|app/formulas/stages/health_risk.py,__future__|dataclasses|time|typing,,ACTIVE,KEEP,active or retained for audit,,LOW
app/agent/ingredient_engine.py,py,11494,app,UNKNOWN,runtime_or_tooling,general,none,app/agent/nodes/ingredient_node.py|app/agent/pipeline_trace.py|app/agent/response_assembler.py|app/api/evidence.py,__future__|app.agent.condition_lookup|app.agent.formula_trace|app.agent.utils|pandas|typing,,ACTIVE,KEEP,active or retained for audit,,LOW
app/agent/nodes/__init__.py,py,2091,app,UNKNOWN,runtime_or_tooling,general,none,app/agent/assessment_agent.py|tests/test_formula_graph.py,__future__|app.agent.nodes.activity_node|app.agent.nodes.assessment_node|app.agent.nodes.biology_node|app.agent.nodes.breed_node|app.agent.nodes.confidence_node|app.agent.nodes.epidemiology_node|app.agent.nodes.evidence_node|app.agent.nodes.export_node|app.agent.nodes.grooming_node|app.agent.nodes.ingredient_node|app.agent.nodes.nutrition_node|app.agent.nodes.package_node|app.agent.nodes.product_node|app.agent.nodes.profile_node|app.agent.nodes.report_node|app.agent.nodes.risk_node|app.agent.nodes.trace_node|app.agent.nodes.validation_node,,ACTIVE,KEEP,active or retained for audit,,LOW
app/agent/nodes/activity_node.py,py,1924,app,UNKNOWN,runtime_or_tooling,general,none,app/agent/nodes/__init__.py,__future__|app.agent.execution_context|app.agent.formula_node|app.agent.state|typing,,ACTIVE,KEEP,active or retained for audit,,LOW
app/agent/nodes/assessment_node.py,py,1229,app,UNKNOWN,runtime_or_tooling,general,none,app/agent/nodes/__init__.py,__future__|app.agent.execution_context|app.agent.formula_node,,ACTIVE,KEEP,active or retained for audit,,LOW
app/agent/nodes/biology_node.py,py,1104,app,UNKNOWN,runtime_or_tooling,general,none,app/agent/nodes/__init__.py,__future__|app.agent.execution_context|app.agent.formula_node|app.formulas.stages.biological,,ACTIVE,KEEP,active or retained for audit,,LOW
app/agent/nodes/breed_node.py,py,1753,app,UNKNOWN,runtime_or_tooling,general,none,app/agent/nodes/__init__.py,__future__|app.agent.execution_context|app.agent.formula_node,,ACTIVE,KEEP,active or retained for audit,,LOW
app/agent/nodes/confidence_node.py,py,1024,app,UNKNOWN,runtime_or_tooling,general,none,app/agent/nodes/__init__.py,__future__|app.agent.execution_context|app.agent.formula_node,,ACTIVE,KEEP,active or retained for audit,,LOW
app/agent/nodes/epidemiology_node.py,py,2464,app,UNKNOWN,runtime_or_tooling,general,none,app/agent/nodes/__init__.py,__future__|app.agent.execution_context|app.agent.formula_node|app.formulas.stages.epidemiology|typing,,ACTIVE,KEEP,active or retained for audit,,LOW
app/agent/nodes/evidence_node.py,py,2132,app,UNKNOWN,runtime_or_tooling,general,none,app/agent/nodes/__init__.py,__future__|app.agent.execution_context|app.agent.formula_node,,ACTIVE,KEEP,active or retained for audit,,LOW
app/agent/nodes/export_node.py,py,4083,app,UNKNOWN,runtime_or_tooling,general,none,app/agent/nodes/__init__.py,__future__|app.agent.execution_context|app.agent.formula_node|app.agent.response_assembler|time,,ACTIVE,KEEP,active or retained for audit,,LOW
app/agent/nodes/grooming_node.py,py,843,app,UNKNOWN,runtime_or_tooling,general,none,app/agent/nodes/__init__.py,__future__|app.agent.execution_context|app.agent.formula_node,,ACTIVE,KEEP,active or retained for audit,,LOW
app/agent/nodes/ingredient_node.py,py,1413,app,UNKNOWN,runtime_or_tooling,general,none,app/agent/nodes/__init__.py,__future__|app.agent.execution_context|app.agent.formula_node|app.agent.ingredient_engine,,ACTIVE,KEEP,active or retained for audit,,LOW
app/agent/nodes/nutrition_node.py,py,1419,app,UNKNOWN,runtime_or_tooling,general,none,app/agent/nodes/__init__.py,__future__|app.agent.execution_context|app.agent.formula_node|app.formulas.stages.nutrition,,ACTIVE,KEEP,active or retained for audit,,LOW
app/agent/nodes/package_node.py,py,1499,app,UNKNOWN,runtime_or_tooling,general,none,app/agent/nodes/__init__.py,__future__|app.agent.execution_context|app.agent.formula_node,,ACTIVE,KEEP,active or retained for audit,,LOW
app/agent/nodes/product_node.py,py,1471,app,UNKNOWN,runtime_or_tooling,general,none,app/agent/nodes/__init__.py,__future__|app.agent.execution_context|app.agent.formula_node|app.formulas.stages.optimization,,ACTIVE,KEEP,active or retained for audit,,LOW
app/agent/nodes/profile_node.py,py,868,app,UNKNOWN,runtime_or_tooling,general,none,app/agent/nodes/__init__.py,__future__|app.agent.execution_context|app.agent.formula_node,,ACTIVE,KEEP,active or retained for audit,,LOW
app/agent/nodes/report_node.py,py,701,app,UNKNOWN,runtime_or_tooling,general,none,app/agent/nodes/__init__.py,__future__|app.agent.execution_context|app.agent.formula_node,,ACTIVE,KEEP,active or retained for audit,,LOW
app/agent/nodes/risk_node.py,py,2720,app,UNKNOWN,runtime_or_tooling,general,none,app/agent/nodes/__init__.py,__future__|app.agent.execution_context|app.agent.formula_node|app.agent.state|app.formulas.stages.health_risk,,ACTIVE,KEEP,active or retained for audit,,LOW
app/agent/nodes/trace_node.py,py,1894,app,UNKNOWN,runtime_or_tooling,general,none,app/agent/nodes/__init__.py,__future__|app.agent.execution_context|app.agent.formula_node|app.agent.formula_registry,,ACTIVE,KEEP,active or retained for audit,,LOW
app/agent/nodes/validation_node.py,py,1807,app,UNKNOWN,runtime_or_tooling,general,none,app/agent/nodes/__init__.py,__future__|app.agent.execution_context|app.agent.formula_node,,ACTIVE,KEEP,active or retained for audit,,LOW
app/agent/package_detail.py,py,33752,app,UNKNOWN,runtime_or_tooling,general,none,app/agent/pipeline_trace.py|app/agent/response_assembler.py,__future__|app.agent.condition_lookup|app.agent.utils|app.inference.config|pandas|re|typing,,ACTIVE,KEEP,active or retained for audit,,LOW
app/agent/package_optimizer.py,py,40369,app,UNKNOWN,runtime_or_tooling,general,none,app/agent/response_assembler.py|app/data/report_generator.py|tests/test_package_optimizer.py,__future__|app.agent.formula_trace|app.agent.utils|app.inference.config|math|pandas|typing,,ACTIVE,KEEP,active or retained for audit,,LOW
app/agent/pipeline_trace.py,py,6735,app,UNKNOWN,runtime_or_tooling,general,none,app/agent/response_assembler.py,__future__|app.agent.condition_lookup|app.agent.ingredient_engine|app.agent.package_detail|app.agent.utils|typing,,ACTIVE,KEEP,active or retained for audit,,LOW
app/agent/response_assembler.py,py,59289,app,UNKNOWN,runtime_or_tooling,general,none,app/agent/nodes/export_node.py,__future__|app.agent.bundle_engine|app.agent.calculation_trace|app.agent.condition_lookup|app.agent.ingredient_engine|app.agent.package_detail|app.agent.package_optimizer|app.agent.pipeline_trace|app.agent.state|app.agent.utils|app.agent.variable_map|app.agent.version|app.agent.wellness_map|app.data.runtime|datetime|pandas|re|typing,,ACTIVE,KEEP,active or retained for audit,,LOW
app/agent/state.py,py,2368,app,UNKNOWN,runtime_or_tooling,general,none,app/agent/assessment_agent.py|app/agent/assessment_result.py|app/agent/engine.py|app/agent/execution_context.py|app/agent/nodes/activity_node.py|app/agent/nodes/risk_node.py|app/agent/response_assembler.py|app/api/main.py|app/api/payload_adapter.py|app/formulas/stages/biological.py|app/formulas/stages/epidemiology.py|app/formulas/stages/health_risk.py|app/formulas/stages/nutrition.py|app/formulas/stages/optimization.py|app/science/attach.py|app/ui/renderer/journey.py|app/ui/renderer/navigation.py|app/ui/renderer/wellness.py|tests/test_agent_pipeline.py|tests/test_clinical_assessment.py|tests/test_clinical_report.py|tests/test_engine_trace.py|tests/test_formula_graph.py|tests/test_inference_parity.py|tests/test_package_optimizer.py,__future__|pydantic|typing,,ACTIVE,KEEP,active or retained for audit,,LOW
app/agent/utils.py,py,2777,app,UNKNOWN,runtime_or_tooling,general,none,app/agent/assessment_agent.py|app/agent/bundle_engine.py|app/agent/calculation_trace.py|app/agent/engine.py|app/agent/execution_context.py|app/agent/ingredient_engine.py|app/agent/package_detail.py|app/agent/package_optimizer.py|app/agent/pipeline_trace.py|app/agent/response_assembler.py|app/api/evidence.py|app/data/clinical_report_builder.py|app/data/report_generator.py|app/data/report_models.py|app/formulas/stages/biological.py|app/formulas/stages/epidemiology.py|app/formulas/stages/health_risk.py|app/formulas/stages/nutrition.py|app/formulas/stages/optimization.py|app/ui/renderer/journey.py|app/ui/renderer/navigation.py|app/ui/renderer/wellness.py|tests/test_clinical_assessment.py|tests/test_clinical_report.py|tests/test_engine_trace.py,__future__|app.data.repository|app.data.runtime|math|pandas|re|typing,,ACTIVE,KEEP,active or retained for audit,,LOW
app/agent/variable_map.py,py,9009,app,UNKNOWN,runtime_or_tooling,general,none,app/agent/response_assembler.py,__future__|typing,,ACTIVE,KEEP,active or retained for audit,,LOW
app/agent/version.py,py,346,app,UNKNOWN,runtime_or_tooling,general,none,app/agent/response_assembler.py|app/api/main.py|app/data/clinical_assessment.py|app/debug/clinical_execution_debug.py|app/inference/formula_registry.py|app/science/versioning.py,,,ACTIVE,KEEP,active or retained for audit,,LOW
app/agent/wellness_map.py,py,6139,app,UNKNOWN,runtime_or_tooling,general,none,app/agent/calculation_trace.py|app/agent/response_assembler.py,__future__|app.inference.resolver|typing,,ACTIVE,KEEP,active or retained for audit,,LOW
app/api/evidence.py,py,8235,app,UNKNOWN,runtime_or_tooling,general,none,app/api/main.py,__future__|app.agent.condition_lookup|app.agent.ingredient_engine|app.agent.utils|app.formulas.stages.optimization|math|pandas|typing,,ACTIVE,KEEP,active or retained for audit,,LOW
app/api/main.py,py,39096,app,UNKNOWN,runtime_or_tooling,general,none,app/main.py|tests/test_phase6_authoring.py,__future__|app.agent.engine|app.agent.state|app.agent.version|app.api.evidence|app.api.payload_adapter|app.core.paths|app.data.clinical_assessment|app.data.clinical_report_builder|app.data.report_generator|app.data.report_models|app.data.runtime|app.data.watcher|app.debug.clinical_execution_debug|app.science.audit|app.science.coverage|app.science.repository|app.science.versioning|authoring.builder|authoring.models|authoring.portal|contextlib|curation.conflict_resolution|curation.duplicate_detection|datetime,,ACTIVE,KEEP,active or retained for audit,,LOW
app/api/payload_adapter.py,py,7656,app,UNKNOWN,runtime_or_tooling,general,none,app/api/main.py,__future__|app.agent.state|datetime|re|typing,,ACTIVE,KEEP,active or retained for audit,,LOW
app/core/__init__.py,py,287,app,UNKNOWN,runtime_or_tooling,general,none,,app.core.paths,,ACTIVE,KEEP,active or retained for audit,,LOW
app/core/paths.py,py,1054,app,UNKNOWN,runtime_or_tooling,general,none,app/agent/engine.py|app/api/main.py|app/core/__init__.py|app/data/repository.py|app/ui/renderer/navigation.py|legacy/authoring/explorer.py|legacy/authoring/ml_sandbox.py|legacy/authoring/research.py|legacy/curation/conflict_resolution.py|legacy/curation/duplicate_detection.py|legacy/science_pipeline/release.py|legacy/science_pipeline/validation_extended.py|tests/test_agent_pipeline.py|tests/test_clinical_assessment.py|tests/test_clinical_report.py|tests/test_engine_trace.py|tests/test_formula_graph.py|tests/test_inference_layer.py|tests/test_inference_parity.py|tests/test_package_optimizer.py|tests/test_phase6_authoring.py|tests/test_science_graph.py|tests/test_standard_report.py|tests/test_ui_templates.py|tests/test_validation_console.py,__future__|config|os|pathlib,,ACTIVE,KEEP,active or retained for audit,,LOW
app/data/__init__.py,py,543,app,UNKNOWN,runtime_or_tooling,general,none,,__future__|app.data.repository|app.data.runtime,,ACTIVE,KEEP,active or retained for audit,,LOW
app/data/cache.py,py,1099,app,UNKNOWN,runtime_or_tooling,general,none,app/data/repository.py|app/data/runtime.py,__future__|dataclasses|datetime|hashlib|pathlib,,ACTIVE,KEEP,active or retained for audit,,LOW
app/data/clinical_assessment.py,py,24865,app,UNKNOWN,runtime_or_tooling,general,none,app/api/main.py|tests/test_clinical_assessment.py|tests/test_engine_trace.py|tests/test_validation_console.py|tests/test_validation_console_live.py,__future__|app.agent.version|app.data.repository|datetime|typing,,ACTIVE,KEEP,active or retained for audit,,LOW
app/data/clinical_report_builder.py,py,28329,app,UNKNOWN,runtime_or_tooling,general,none,app/api/main.py|tests/test_clinical_report.py,__future__|app.agent.utils|pandas|re|typing,,ACTIVE,KEEP,active or retained for audit,,LOW
app/data/loader.py,py,2567,app,UNKNOWN,runtime_or_tooling,general,none,app/data/repository.py|app/debug/clinical_execution_debug.py,__future__|app.data.native_loader|app.data.schemas|logging|pandas|pathlib,,ACTIVE,KEEP,active or retained for audit,,LOW
app/data/native_loader.py,py,21000,app,UNKNOWN,runtime_or_tooling,general,none,app/data/loader.py|app/data/repository.py|warehouse/repository/domains.py,__future__|app.data.schemas|json|logging|pandas|pathlib,,ACTIVE,KEEP,active or retained for audit,,LOW
app/data/report_generator.py,py,60734,app,UNKNOWN,runtime_or_tooling,general,none,app/api/main.py|app/data/report_models.py|tests/test_standard_report.py,__future__|app.agent.package_optimizer|app.agent.utils|app.data.report_schema|pandas|typing,,ACTIVE,KEEP,active or retained for audit,,LOW
app/data/report_models.py,py,6829,app,UNKNOWN,runtime_or_tooling,general,none,app/api/main.py|tests/test_package_optimizer.py,__future__|app.agent.utils|app.data.report_generator|typing,,ACTIVE,KEEP,active or retained for audit,,LOW
app/data/report_schema.py,py,4191,app,UNKNOWN,runtime_or_tooling,general,none,app/data/report_generator.py|tests/test_standard_report.py,__future__|datetime|typing,,ACTIVE,KEEP,active or retained for audit,,LOW
app/data/repository.py,py,27801,app,UNKNOWN,runtime_or_tooling,general,none,app/agent/utils.py|app/data/__init__.py|app/data/clinical_assessment.py|app/data/runtime.py|app/data/warehouse/ingredients.py|app/debug/clinical_execution_debug.py|app/science/attach.py|app/science/audit.py|app/science/builder.py|app/science/repository.py|app/science/validator.py|legacy/authoring/explorer.py|legacy/authoring/ml_sandbox.py|legacy/authoring/research.py|legacy/curation/conflict_resolution.py|legacy/curation/duplicate_detection.py|legacy/science_pipeline/release.py|legacy/science_pipeline/validation_extended.py|tests/test_phase6_authoring.py|tests/test_science_graph.py|tests/test_warehouse_parity.py,__future__|app.core.paths|app.data.cache|app.data.loader|app.data.native_loader|app.data.runtime|app.data.schemas|app.data.validators|logging|pandas|pathlib|typing|warehouse.repository.scientific,,ACTIVE,KEEP,active or retained for audit,,LOW
app/data/runtime.py,py,2466,app,UNKNOWN,runtime_or_tooling,general,none,app/agent/response_assembler.py|app/agent/utils.py|app/api/main.py|app/data/__init__.py|app/data/repository.py|app/data/watcher.py|app/formulas/stages/optimization.py|app/science/repository.py|tests/test_inference_layer.py,__future__|app.data.cache|app.data.repository|logging|pathlib|threading|typing,,ACTIVE,KEEP,active or retained for audit,,LOW
app/data/schemas.py,py,2355,app,UNKNOWN,runtime_or_tooling,general,none,app/data/loader.py|app/data/native_loader.py|app/data/repository.py|app/data/validators.py,__future__|dataclasses|pathlib|typing|yaml,,ACTIVE,KEEP,active or retained for audit,,LOW
app/data/validators.py,py,5392,app,UNKNOWN,runtime_or_tooling,general,none,app/data/repository.py,__future__|app.data.schemas|dataclasses|logging|pandas,,ACTIVE,KEEP,active or retained for audit,,LOW
app/data/warehouse/__init__.py,py,1425,app,UNKNOWN,runtime_or_tooling,general,warehouse_consumer,app/data/warehouse/__init__.py,__future__|app.data.warehouse|app.data.warehouse.papers|app.data.warehouse.parameters|app.data.warehouse.parity|app.data.warehouse.units|typing,,ACTIVE,KEEP,active or retained for audit,,LOW
app/data/warehouse/ingredients.py,py,4402,app,UNKNOWN,runtime_or_tooling,general,warehouse_consumer,tests/test_warehouse_parity.py,__future__|app.agent.condition_lookup|app.data.repository|dataclasses|pandas|typing,,ACTIVE,KEEP,active or retained for audit,,LOW
app/data/warehouse/papers.py,py,5004,app,UNKNOWN,runtime_or_tooling,general,warehouse_consumer,app/data/warehouse/__init__.py|app/science/validator.py,__future__|hashlib|pandas|typing,,ACTIVE,KEEP,active or retained for audit,,LOW
app/data/warehouse/parameters.py,py,3251,app,UNKNOWN,runtime_or_tooling,general,warehouse_consumer,app/agent/assessment_agent.py|app/agent/execution_context.py|app/data/warehouse/__init__.py|tests/test_warehouse_parity.py,__future__|app.inference.config|pandas|pathlib|typing,,ACTIVE,KEEP,active or retained for audit,,LOW
app/data/warehouse/parity.py,py,2551,app,UNKNOWN,runtime_or_tooling,general,warehouse_consumer,app/data/warehouse/__init__.py|tests/test_formula_graph.py|tests/test_phase6_authoring.py|tests/test_science_graph.py|tests/test_warehouse_parity.py,__future__|hashlib|json|typing,,ACTIVE,KEEP,active or retained for audit,,LOW
app/data/warehouse/units.py,py,3454,app,UNKNOWN,runtime_or_tooling,general,warehouse_consumer,app/agent/assessment_agent.py|app/agent/execution_context.py|app/data/warehouse/__init__.py|tests/test_warehouse_parity.py,__future__|dataclasses|pandas|pathlib|typing,,ACTIVE,KEEP,active or retained for audit,,LOW
app/data/watcher.py,py,2520,app,UNKNOWN,runtime_or_tooling,general,none,app/api/main.py,__future__|app.data.runtime|logging|pathlib|threading|typing|watchdog.events|watchdog.observers,,ACTIVE,KEEP,active or retained for audit,,LOW
app/debug/__init__.py,py,1129,app,UNKNOWN,runtime_or_tooling,general,none,,app.debug.clinical_execution_debug,,ACTIVE,KEEP,active or retained for audit,,LOW
app/debug/clinical_execution_debug.py,py,111384,app,UNKNOWN,runtime_or_tooling,general,none,app/api/main.py|app/debug/__init__.py|tests/test_engine_trace.py|tests/test_validation_console.py|tests/test_validation_console_live.py,__future__|app.agent.version|app.data.loader|app.data.repository|app.inference.formula_registry|app.inference.models|app.inference.resolver|app.inference.risk|datetime|os|pathlib|sys|threading|time|typing|uuid|webbrowser,,ACTIVE,KEEP,active or retained for audit,,LOW
app/formulas/__init__.py,py,461,app,UNKNOWN,runtime_or_tooling,math_or_audit,none,,app.formulas.stages.biological|app.formulas.stages.epidemiology|app.formulas.stages.nutrition|app.formulas.stages.optimization,,ACTIVE,KEEP,active or retained for audit,,LOW
app/formulas/stages/__init__.py,py,435,app,UNKNOWN,runtime_or_tooling,math_or_audit,none,,app.formulas.stages.biological|app.formulas.stages.epidemiology|app.formulas.stages.nutrition|app.formulas.stages.optimization,,ACTIVE,KEEP,active or retained for audit,,LOW
app/formulas/stages/biological.py,py,2574,app,UNKNOWN,runtime_or_tooling,math_or_audit,none,app/agent/nodes/biology_node.py|app/formulas/__init__.py|app/formulas/stages/__init__.py,__future__|app.agent.state|app.agent.utils|logging|pandas|typing,,ACTIVE,KEEP,active or retained for audit,,LOW
app/formulas/stages/epidemiology.py,py,7396,app,UNKNOWN,runtime_or_tooling,math_or_audit,none,app/agent/nodes/epidemiology_node.py|app/formulas/__init__.py|app/formulas/stages/__init__.py,__future__|app.agent.state|app.agent.utils|logging|pandas|typing,,ACTIVE,KEEP,active or retained for audit,,LOW
app/formulas/stages/health_risk.py,py,53319,app,UNKNOWN,runtime_or_tooling,math_or_audit,none,app/agent/nodes/risk_node.py,__future__|app.agent.formula_trace|app.agent.state|app.agent.utils|app.inference.config|copy|math|pandas|re|typing,,ACTIVE,KEEP,active or retained for audit,,LOW
app/formulas/stages/nutrition.py,py,3688,app,UNKNOWN,runtime_or_tooling,math_or_audit,none,app/agent/nodes/nutrition_node.py|app/formulas/__init__.py|app/formulas/stages/__init__.py,__future__|app.agent.state|app.agent.utils|logging|pandas|typing,,ACTIVE,KEEP,active or retained for audit,,LOW
app/formulas/stages/optimization.py,py,8590,app,UNKNOWN,runtime_or_tooling,math_or_audit,none,app/agent/nodes/product_node.py|app/api/evidence.py|app/formulas/__init__.py|app/formulas/stages/__init__.py,__future__|app.agent.state|app.agent.utils|app.data.runtime|logging|pandas|typing,,ACTIVE,KEEP,active or retained for audit,,LOW
app/inference/__init__.py,py,628,app,UNKNOWN,runtime_or_tooling,general,none,app/inference/__init__.py,app.inference|app.inference.models,,ACTIVE,KEEP,active or retained for audit,,LOW
app/inference/confidence.py,py,2140,app,UNKNOWN,runtime_or_tooling,general,none,app/inference/ingredient.py|app/inference/nutrition.py|tests/test_inference_layer.py,__future__|typing,,ACTIVE,KEEP,active or retained for audit,,LOW
app/inference/config.py,py,4336,app,UNKNOWN,runtime_or_tooling,general,none,app/agent/package_detail.py|app/agent/package_optimizer.py|app/data/warehouse/parameters.py|app/formulas/stages/health_risk.py|app/inference/ingredient.py|app/inference/score.py|tests/test_inference_layer.py|tests/test_inference_parity.py,__future__|typing,,ACTIVE,KEEP,active or retained for audit,,LOW
app/inference/formula_registry.py,py,9512,app,UNKNOWN,runtime_or_tooling,math_or_audit,none,app/debug/clinical_execution_debug.py|tests/test_validation_console.py,__future__|app.agent.version|typing,,ACTIVE,KEEP,active or retained for audit,,LOW
app/inference/ingredient.py,py,7210,app,UNKNOWN,runtime_or_tooling,general,none,tests/test_inference_layer.py,__future__|app.inference.confidence|app.inference.config|app.inference.models|app.inference.resolver|pandas|typing,,ACTIVE,KEEP,active or retained for audit,,LOW
app/inference/models.py,py,1102,app,UNKNOWN,runtime_or_tooling,general,none,app/debug/clinical_execution_debug.py|app/inference/__init__.py|app/inference/ingredient.py|app/inference/nutrition.py|app/inference/risk.py|app/inference/score.py,__future__|dataclasses|typing,,ACTIVE,KEEP,active or retained for audit,,LOW
app/inference/nutrition.py,py,2461,app,UNKNOWN,runtime_or_tooling,general,none,tests/test_inference_layer.py,__future__|app.inference.confidence|app.inference.models|typing,,ACTIVE,KEEP,active or retained for audit,,LOW
app/inference/resolver.py,py,3660,app,UNKNOWN,runtime_or_tooling,general,none,app/agent/condition_lookup.py|app/agent/wellness_map.py|app/debug/clinical_execution_debug.py|app/inference/ingredient.py,__future__|pandas|re|typing,,ACTIVE,KEEP,active or retained for audit,,LOW
app/inference/risk.py,py,5785,app,UNKNOWN,runtime_or_tooling,general,none,app/debug/clinical_execution_debug.py|tests/test_inference_layer.py,__future__|app.inference.models|typing,,ACTIVE,KEEP,active or retained for audit,,LOW
app/inference/score.py,py,1564,app,UNKNOWN,runtime_or_tooling,general,none,tests/test_inference_layer.py,__future__|app.inference.config|app.inference.models|typing,,ACTIVE,KEEP,active or retained for audit,,LOW
app/main.py,py,135,app,UNKNOWN,runtime_or_tooling,general,none,tests/test_agent_pipeline.py,app.api.main,,ACTIVE,KEEP,active or retained for audit,,LOW
app/science/__init__.py,py,1551,app,UNKNOWN,runtime_or_tooling,general,none,,__future__|app.science.audit|app.science.builder|app.science.confidence|app.science.coverage|app.science.diff_engine|app.science.explanations|app.science.graph|app.science.models|app.science.repository|app.science.validator|app.science.versioning,,ACTIVE,KEEP,active or retained for audit,,LOW
app/science/attach.py,py,5504,app,UNKNOWN,runtime_or_tooling,general,none,app/agent/assessment_agent.py,__future__|app.agent.assessment_result|app.agent.state|app.data.repository|app.science.builder|app.science.confidence|app.science.coverage|app.science.explanations|app.science.repository|app.science.versioning|typing,,ACTIVE,KEEP,active or retained for audit,,LOW
app/science/audit.py,py,5791,app,UNKNOWN,runtime_or_tooling,general,none,app/api/main.py|app/science/__init__.py|tests/test_science_graph.py,__future__|app.data.repository|app.science.builder|app.science.coverage|app.science.validator|app.science.versioning|json|pathlib|typing,,ACTIVE,KEEP,active or retained for audit,,LOW
app/science/builder.py,py,12317,app,UNKNOWN,runtime_or_tooling,general,none,app/science/__init__.py|app/science/attach.py|app/science/audit.py|app/science/repository.py|app/science/validator.py|legacy/authoring/explorer.py|legacy/authoring/ml_sandbox.py|legacy/authoring/research.py|legacy/curation/conflict_resolution.py|legacy/curation/duplicate_detection.py|legacy/science_pipeline/release.py|legacy/science_pipeline/validation_extended.py|tests/test_science_graph.py,__future__|app.data.repository|app.science.graph|app.science.models|hashlib|typing,,ACTIVE,KEEP,active or retained for audit,,LOW
app/science/confidence.py,py,4545,app,UNKNOWN,runtime_or_tooling,general,none,app/science/__init__.py|app/science/attach.py|tests/test_science_graph.py,__future__|dataclasses|typing,,ACTIVE,KEEP,active or retained for audit,,LOW
app/science/coverage.py,py,3039,app,UNKNOWN,runtime_or_tooling,general,none,app/api/main.py|app/science/__init__.py|app/science/attach.py|app/science/audit.py|legacy/authoring/ml_sandbox.py|legacy/authoring/portal.py|tests/test_science_graph.py,__future__|app.science.graph|app.science.repository|typing,,ACTIVE,KEEP,active or retained for audit,,LOW
app/science/diff_engine.py,py,3905,app,UNKNOWN,runtime_or_tooling,general,none,app/science/__init__.py|legacy/authoring/research.py|tests/test_science_graph.py,__future__|app.science.graph|typing,,ACTIVE,KEEP,active or retained for audit,,LOW
app/science/explanations.py,py,5121,app,UNKNOWN,runtime_or_tooling,general,none,app/science/__init__.py|app/science/attach.py|tests/test_science_graph.py,__future__|dataclasses|typing,,ACTIVE,KEEP,active or retained for audit,,LOW
app/science/graph.py,py,5062,app,UNKNOWN,runtime_or_tooling,general,none,app/science/__init__.py|app/science/builder.py|app/science/coverage.py|app/science/diff_engine.py|app/science/repository.py,__future__|app.science.models|collections|typing,,ACTIVE,KEEP,active or retained for audit,,LOW
app/science/models.py,py,1588,app,UNKNOWN,runtime_or_tooling,general,none,app/science/__init__.py|app/science/builder.py|app/science/graph.py|app/science/repository.py,__future__|dataclasses|typing,,ACTIVE,KEEP,active or retained for audit,,LOW
app/science/repository.py,py,6917,app,UNKNOWN,runtime_or_tooling,general,none,app/api/main.py|app/science/__init__.py|app/science/attach.py|app/science/coverage.py|tests/test_science_graph.py,__future__|app.data.repository|app.data.runtime|app.science.builder|app.science.graph|app.science.models|functools|typing,,ACTIVE,KEEP,active or retained for audit,,LOW
app/science/validator.py,py,2925,app,UNKNOWN,runtime_or_tooling,general,none,app/science/__init__.py|app/science/audit.py|legacy/science_pipeline/validation_extended.py|tests/test_science_graph.py,__future__|app.data.repository|app.data.warehouse.papers|app.science.builder|collections|typing,,ACTIVE,KEEP,active or retained for audit,,LOW
app/science/versioning.py,py,1289,app,UNKNOWN,runtime_or_tooling,general,none,app/api/main.py|app/science/__init__.py|app/science/attach.py|app/science/audit.py|tests/test_science_graph.py,__future__|app.agent.version|dataclasses|datetime|pathlib|typing,,ACTIVE,KEEP,active or retained for audit,,LOW
app/ui/demo_app.py,py,282,app,UNKNOWN,runtime_or_tooling,general,none,,app.ui.renderer.navigation,,ACTIVE,KEEP,active or retained for audit,,LOW
app/ui/renderer/__init__.py,py,787,app,UNKNOWN,runtime_or_tooling,general,none,,app.ui.renderer.diary|app.ui.renderer.formatters|app.ui.renderer.home|app.ui.renderer.journey|app.ui.renderer.navigation|app.ui.renderer.template_engine|app.ui.renderer.wellness,,ACTIVE,KEEP,active or retained for audit,,LOW
app/ui/renderer/diary.py,py,1382,app,UNKNOWN,runtime_or_tooling,general,none,app/ui/renderer/__init__.py|app/ui/renderer/journey.py|tests/test_ui_templates.py,__future__|dataclasses|typing,,ACTIVE,KEEP,active or retained for audit,,LOW
app/ui/renderer/formatters.py,py,1061,app,UNKNOWN,runtime_or_tooling,general,none,app/ui/renderer/__init__.py|app/ui/renderer/navigation.py|app/ui/renderer/wellness.py|tests/test_ui_templates.py,__future__|dataclasses|typing,,ACTIVE,KEEP,active or retained for audit,,LOW
app/ui/renderer/home.py,py,2822,app,UNKNOWN,runtime_or_tooling,general,none,app/ui/renderer/__init__.py|app/ui/renderer/journey.py|tests/test_ui_templates.py,__future__|dataclasses|typing,,ACTIVE,KEEP,active or retained for audit,,LOW
app/ui/renderer/journey.py,py,6350,app,UNKNOWN,runtime_or_tooling,general,none,app/ui/renderer/__init__.py|app/ui/renderer/navigation.py|tests/test_ui_templates.py,__future__|app.agent.state|app.agent.utils|app.ui.renderer.diary|app.ui.renderer.home|app.ui.renderer.wellness|dataclasses|typing,,ACTIVE,KEEP,active or retained for audit,,LOW
app/ui/renderer/navigation.py,py,5526,app,UNKNOWN,runtime_or_tooling,general,none,app/ui/demo_app.py|app/ui/renderer/__init__.py|tests/test_ui_templates.py,__future__|app.agent.engine|app.agent.state|app.agent.utils|app.core.paths|app.ui.renderer.formatters|app.ui.renderer.journey|app.ui.renderer.template_engine|asyncio|os|streamlit|typing,,ACTIVE,KEEP,active or retained for audit,,LOW
app/ui/renderer/template_engine.py,py,1162,app,UNKNOWN,runtime_or_tooling,general,none,app/ui/renderer/__init__.py|app/ui/renderer/navigation.py|tests/test_ui_templates.py,__future__|functools|jinja2|pathlib|typing,,ACTIVE,KEEP,active or retained for audit,,LOW
app/ui/renderer/wellness.py,py,21372,app,UNKNOWN,runtime_or_tooling,general,none,app/ui/renderer/__init__.py|app/ui/renderer/journey.py|tests/test_ui_templates.py,__future__|app.agent.state|app.agent.utils|app.ui.renderer.formatters|dataclasses|typing,,ACTIVE,KEEP,active or retained for audit,,LOW
app/ui/templates/base/app_styles.css,css,7548,app,UNKNOWN,runtime_or_tooling,general,none,,,,ACTIVE,KEEP,active or retained for audit,,LOW
app/ui/templates/components/diary_section.html,html,380,app,UNKNOWN,runtime_or_tooling,general,none,,,,ACTIVE,KEEP,active or retained for audit,,LOW
app/ui/templates/components/dog_profile_card.html,html,941,app,UNKNOWN,runtime_or_tooling,general,none,,,,ACTIVE,KEEP,active or retained for audit,,LOW
app/ui/templates/components/evidence_card.html,html,648,app,UNKNOWN,runtime_or_tooling,general,none,,,,ACTIVE,KEEP,active or retained for audit,,LOW
app/ui/templates/components/feeding_option.html,html,80,app,UNKNOWN,runtime_or_tooling,general,none,,,,ACTIVE,KEEP,active or retained for audit,,LOW
app/ui/templates/components/ingredient_card.html,html,322,app,UNKNOWN,runtime_or_tooling,general,none,,,,ACTIVE,KEEP,active or retained for audit,,LOW
app/ui/templates/components/macros.html,html,1250,app,UNKNOWN,runtime_or_tooling,general,none,,,,ACTIVE,KEEP,active or retained for audit,,LOW
app/ui/templates/components/nutrition_priority_card.html,html,534,app,UNKNOWN,runtime_or_tooling,general,none,,,,ACTIVE,KEEP,active or retained for audit,,LOW
app/ui/templates/components/nutrition_row.html,html,185,app,UNKNOWN,runtime_or_tooling,general,none,,,,ACTIVE,KEEP,active or retained for audit,,LOW
app/ui/templates/components/package_card.html,html,213,app,UNKNOWN,runtime_or_tooling,general,none,,,,ACTIVE,KEEP,active or retained for audit,,LOW
app/ui/templates/components/product_row.html,html,116,app,UNKNOWN,runtime_or_tooling,general,none,,,,ACTIVE,KEEP,active or retained for audit,,LOW
app/ui/templates/components/trait_benefit_card.html,html,125,app,UNKNOWN,runtime_or_tooling,general,none,,,,ACTIVE,KEEP,active or retained for audit,,LOW
app/ui/templates/components/trait_card.html,html,124,app,UNKNOWN,runtime_or_tooling,general,none,,,,ACTIVE,KEEP,active or retained for audit,,LOW
app/ui/templates/components/trait_weakness_card.html,html,208,app,UNKNOWN,runtime_or_tooling,general,none,,,,ACTIVE,KEEP,active or retained for audit,,LOW
app/ui/templates/components/wellness_recommendation_card.html,html,125,app,UNKNOWN,runtime_or_tooling,general,none,,,,ACTIVE,KEEP,active or retained for audit,,LOW
app/ui/templates/diary/page.html,html,813,app,UNKNOWN,runtime_or_tooling,general,none,,,,ACTIVE,KEEP,active or retained for audit,,LOW
app/ui/templates/home/journey.html,html,6742,app,UNKNOWN,runtime_or_tooling,general,none,,,,ACTIVE,KEEP,active or retained for audit,,LOW
app/ui/templates/wellness/nutrition_report.html,html,342,app,UNKNOWN,runtime_or_tooling,general,none,,,,ACTIVE,KEEP,active or retained for audit,,LOW
app/ui/templates/wellness/package_detail.html,html,911,app,UNKNOWN,runtime_or_tooling,general,none,,,,ACTIVE,KEEP,active or retained for audit,,LOW
app/ui/templates/wellness/product_analysis.html,html,1317,app,UNKNOWN,runtime_or_tooling,general,none,,,,ACTIVE,KEEP,active or retained for audit,,LOW
CANONICAL_SCIENTIFIC_FACT_WAREHOUSE.md,md,27623,.,UNKNOWN,runtime_or_tooling,general,warehouse_consumer,,,,UNKNOWN,REVIEW,requires owner validation,,LOW
config/__init__.py,py,123,config,UNKNOWN,runtime_or_tooling,general,none,app/core/paths.py|repository/warehouse/warehouse_interface.py|scripts/validate_warehouse.py,.settings,,ACTIVE,KEEP,active or retained for audit,,LOW
config/settings.py,py,938,config,UNKNOWN,runtime_or_tooling,general,none,config/__init__.py,__future__|dataclasses|functools|os|pathlib,,ACTIVE,KEEP,active or retained for audit,,LOW
DEPENDENCY_REPORT.md,md,1492,.,UNKNOWN,runtime_or_tooling,general,none,,,,UNKNOWN,REVIEW,requires owner validation,,LOW
docs/API_REFERENCE.md,md,1161,docs,UNKNOWN,documentation,general,none,,,,UNKNOWN,REVIEW,requires owner validation,,LOW
docs/architecture/DEPENDENCY_GRAPH.csv,csv,120972,docs,UNKNOWN,documentation,general,none,,,,GENERATED,KEEP,active or retained for audit,,LOW
docs/architecture/DEPENDENCY_GRAPH.md,md,1871,docs,UNKNOWN,documentation,general,none,,,,GENERATED,KEEP,active or retained for audit,,LOW
docs/architecture/DUPLICATE_CONCEPTS.md,md,2601,docs,UNKNOWN,documentation,general,none,,,,GENERATED,KEEP,active or retained for audit,,LOW
docs/architecture/ENTRYPOINTS.md,md,7670,docs,UNKNOWN,documentation,general,none,,,,GENERATED,KEEP,active or retained for audit,,LOW
docs/architecture/FORMULA_STATUS.csv,csv,1739,docs,UNKNOWN,documentation,math_or_audit,none,,,,GENERATED,KEEP,active or retained for audit,,LOW
docs/architecture/FRONTEND_BOUNDARY.md,md,396,docs,UNKNOWN,documentation,general,none,,,,GENERATED,KEEP,active or retained for audit,,LOW
docs/architecture/FUTURE_MATH_REPLACEMENT_BOUNDARY.md,md,1091,docs,O9,documentation,math_or_audit,none,,,,GENERATED,KEEP,active or retained for audit,,LOW
docs/architecture/GENERATED_ARTIFACTS.md,md,365,docs,UNKNOWN,documentation,general,none,,,,GENERATED,KEEP,active or retained for audit,,LOW
docs/architecture/LEGACY_AUDIT.csv,csv,6453,docs,UNKNOWN,documentation,general,none,,,,GENERATED,KEEP,active or retained for audit,,LOW
docs/architecture/MATHEMATICS_ARCHITECTURE_AUDIT.md,md,1420,docs,O9,documentation,math_or_audit,none,,,,GENERATED,KEEP,active or retained for audit,,LOW
docs/architecture/MIGRATION_MANIFEST.csv,csv,89590,docs,UNKNOWN,documentation,general,none,,,,GENERATED,KEEP,active or retained for audit,,LOW
docs/architecture/OMEGA_TO_ARCHITECTURE_MAP.csv,csv,522,docs,UNKNOWN,documentation,general,none,,,,GENERATED,KEEP,active or retained for audit,,LOW
docs/architecture/PACKAGE_RESPONSIBILITY_MATRIX.csv,csv,7579,docs,UNKNOWN,documentation,general,none,,,,GENERATED,KEEP,active or retained for audit,,LOW
docs/architecture/PURGE_MANIFEST.csv,csv,10688,docs,UNKNOWN,documentation,general,none,,,,GENERATED,KEEP,active or retained for audit,,LOW
docs/architecture/REPOSITORY_INVENTORY.csv,csv,154814,docs,UNKNOWN,documentation,general,none,,,,GENERATED,KEEP,active or retained for audit,,LOW
docs/architecture/TARGET_ARCHITECTURE.md,md,899,docs,UNKNOWN,documentation,general,none,,,,GENERATED,KEEP,active or retained for audit,,LOW
docs/architecture/TARGET_FILE_TREE.txt,txt,265,docs,UNKNOWN,documentation,general,none,,,,GENERATED,KEEP,active or retained for audit,,LOW
docs/architecture/TEST_ARCHITECTURE.md,md,2761,docs,UNKNOWN,documentation,general,none,,,,GENERATED,KEEP,active or retained for audit,,LOW
docs/architecture/WAREHOUSE_BLOCKER_MAP.csv,csv,1948,docs,UNKNOWN,documentation,general,warehouse_consumer,,,,GENERATED,KEEP,active or retained for audit,,LOW
docs/architecture/WAREHOUSE_STRUCTURE_AUDIT.csv,csv,11779,docs,UNKNOWN,documentation,general,warehouse_consumer,,,,GENERATED,KEEP,active or retained for audit,,LOW
docs/ARCHITECTURE.md,md,1926,docs,UNKNOWN,documentation,general,none,,,,UNKNOWN,REVIEW,requires owner validation,,LOW
docs/CHANGELOG.md,md,196,docs,UNKNOWN,documentation,general,none,,,,UNKNOWN,REVIEW,requires owner validation,,LOW
docs/CONTRIBUTING.md,md,745,docs,UNKNOWN,documentation,general,none,,,,UNKNOWN,REVIEW,requires owner validation,,LOW
docs/DATA_PIPELINE.md,md,1270,docs,UNKNOWN,documentation,general,none,,,,UNKNOWN,REVIEW,requires owner validation,,LOW
docs/DEVELOPER_GUIDE.md,md,1358,docs,UNKNOWN,documentation,general,none,,,,UNKNOWN,REVIEW,requires owner validation,,LOW
docs/FILES_DELETED.md,md,1304,docs,UNKNOWN,documentation,general,none,,,,UNKNOWN,REVIEW,requires owner validation,,LOW
docs/FILES_MERGED.md,md,458,docs,UNKNOWN,documentation,general,none,,,,UNKNOWN,REVIEW,requires owner validation,,LOW
docs/FINAL_DOCUMENTATION.md,md,658,docs,UNKNOWN,documentation,general,none,,,,UNKNOWN,REVIEW,requires owner validation,,LOW
docs/FINAL_RUNTIME.md,md,343,docs,UNKNOWN,documentation,general,none,,,,UNKNOWN,REVIEW,requires owner validation,,LOW
docs/FOLDER_USAGE.md,md,865,docs,UNKNOWN,documentation,general,none,,,,UNKNOWN,REVIEW,requires owner validation,,LOW
docs/LEGACY_MANIFEST.md,md,239052,docs,UNKNOWN,documentation,general,none,,,,UNKNOWN,REVIEW,requires owner validation,,LOW
docs/mathematics/ABSORPTION.md,md,513,docs,O9,documentation,math_or_audit,none,,,,UNKNOWN,REVIEW,requires owner validation,,LOW
docs/mathematics/AGREEMENT.md,md,1811,docs,O9,documentation,math_or_audit,none,,,,UNKNOWN,REVIEW,requires owner validation,,LOW
docs/mathematics/BODY_SYSTEM_MAPPING.md,md,536,docs,O9,documentation,math_or_audit,none,,,,UNKNOWN,REVIEW,requires owner validation,,LOW
docs/mathematics/BUNDLE_OPTIMIZATION.md,md,686,docs,O9,documentation,math_or_audit,none,,,,UNKNOWN,REVIEW,requires owner validation,,LOW
docs/mathematics/CALORIE_CALCULATION.md,md,673,docs,O9,documentation,math_or_audit,none,,,,UNKNOWN,REVIEW,requires owner validation,,LOW
docs/mathematics/CONDITION_MECHANISM_MAPPING.md,md,512,docs,O9,documentation,math_or_audit,none,,,,UNKNOWN,REVIEW,requires owner validation,,LOW
docs/mathematics/CONFIDENCE.md,md,1840,docs,O9,documentation,math_or_audit,none,,,,UNKNOWN,REVIEW,requires owner validation,,LOW
docs/mathematics/CONFLICT.md,md,448,docs,O9,documentation,math_or_audit,none,,,,UNKNOWN,REVIEW,requires owner validation,,LOW
docs/mathematics/CONSTRAINTS.md,md,637,docs,O9,documentation,math_or_audit,none,,,,UNKNOWN,REVIEW,requires owner validation,,LOW
docs/mathematics/COVERAGE.md,md,626,docs,O9,documentation,math_or_audit,none,,,,UNKNOWN,REVIEW,requires owner validation,,LOW
docs/mathematics/DOSE_TARGET.md,md,870,docs,O9,documentation,math_or_audit,none,,,,UNKNOWN,REVIEW,requires owner validation,,LOW
docs/mathematics/ENGINEERING_ASSUMPTIONS.md,md,49293,docs,O9,documentation,math_or_audit,none,,,,UNKNOWN,REVIEW,requires owner validation,,LOW
docs/mathematics/ENVIRONMENT_MODEL_AUDIT.md,md,2256,docs,O9,documentation,math_or_audit,none,,,,GENERATED,KEEP,active or retained for audit,,LOW
docs/mathematics/ESTIMATED_PREVALENCE.md,md,1954,docs,O9,documentation,math_or_audit,none,,,,UNKNOWN,REVIEW,requires owner validation,,LOW
docs/mathematics/FORMULA_DEPENDENCIES.csv,csv,3887,docs,O9,documentation,math_or_audit,none,,,,GENERATED,KEEP,active or retained for audit,,LOW
docs/mathematics/FORMULA_DEPENDENCY_GRAPH.md,md,949,docs,O9,documentation,math_or_audit,none,,,,UNKNOWN,REVIEW,requires owner validation,,LOW
docs/mathematics/FORMULA_INVENTORY.md,md,2881,docs,O9,documentation,math_or_audit,none,,,,UNKNOWN,REVIEW,requires owner validation,,LOW
docs/mathematics/FORMULA_REGISTRY.csv,csv,7159,docs,O9,documentation,math_or_audit,none,,,,GENERATED,KEEP,active or retained for audit,,LOW
docs/mathematics/FORMULA_REPLAY.csv,csv,1047,docs,O9,documentation,math_or_audit,none,,,,GENERATED,KEEP,active or retained for audit,,LOW
docs/mathematics/HARMONY.md,md,766,docs,O9,documentation,math_or_audit,none,,,,UNKNOWN,REVIEW,requires owner validation,,LOW
docs/mathematics/MAT1002_PARAMETER_AUDIT.csv,csv,2052,docs,O9,documentation,math_or_audit,none,,,,GENERATED,KEEP,active or retained for audit,,LOW
docs/mathematics/MAT1007_DEPENDENCY_AUDIT.csv,csv,1405,docs,O9,documentation,math_or_audit,none,,,,GENERATED,KEEP,active or retained for audit,,LOW
docs/mathematics/MATHEMATICAL_AUDIT.md,md,3918,docs,O9,documentation,math_or_audit,none,,,,GENERATED,KEEP,active or retained for audit,,LOW
docs/mathematics/MATHEMATICAL_AUDIT_GUIDE.md,md,4957,docs,O9,documentation,math_or_audit,none,,,,GENERATED,KEEP,active or retained for audit,,LOW
docs/mathematics/MATHEMATICAL_DEPENDENCY_GRAPH.md,md,3203,docs,O9,documentation,math_or_audit,none,,,,UNKNOWN,REVIEW,requires owner validation,,LOW
docs/mathematics/MATHEMATICAL_PUBLICATION_AUDIT.md,md,2827,docs,O9,documentation,math_or_audit,none,,,,GENERATED,KEEP,active or retained for audit,,LOW
docs/mathematics/MECHANISM_OBJECTIVE.md,md,922,docs,O9,documentation,math_or_audit,none,,,,UNKNOWN,REVIEW,requires owner validation,,LOW
docs/mathematics/NOVELTY.md,md,798,docs,O9,documentation,math_or_audit,none,,,,UNKNOWN,REVIEW,requires owner validation,,LOW
docs/mathematics/NUMERICAL_PROVENANCE.csv,csv,7591189,docs,O9,documentation,math_or_audit,none,,,,GENERATED,KEEP,active or retained for audit,,LOW
docs/mathematics/OBSERVED_PREVALENCE.md,md,1501,docs,O9,documentation,math_or_audit,none,,,,UNKNOWN,REVIEW,requires owner validation,,LOW
docs/mathematics/OMEGA9_CURRENT_MODEL.md,md,9442,docs,O9,documentation,math_or_audit,none,,,,UNKNOWN,REVIEW,requires owner validation,,LOW
docs/mathematics/PRIORITY.md,md,810,docs,O9,documentation,math_or_audit,none,,,,UNKNOWN,REVIEW,requires owner validation,,LOW
docs/mathematics/PROPOSED_ESTIMATION_MODEL.md,md,5542,docs,O9,documentation,math_or_audit,none,,,,UNKNOWN,REVIEW,requires owner validation,,LOW
docs/mathematics/PROPOSED_FORMULA_REGISTRY.md,md,6552,docs,O9,documentation,math_or_audit,none,,,,UNKNOWN,REVIEW,requires owner validation,,LOW
docs/mathematics/REASONING_AGREEMENT.md,md,593,docs,O9,documentation,math_or_audit,none,,,,UNKNOWN,REVIEW,requires owner validation,,LOW
docs/mathematics/REASONING_ESTIMATION.md,md,1018,docs,O9,documentation,math_or_audit,none,,,,UNKNOWN,REVIEW,requires owner validation,,LOW
docs/mathematics/replays/MAT-1004_REPLAY.md,md,656,docs,O9,documentation,math_or_audit,none,,,,UNKNOWN,REVIEW,requires owner validation,,LOW
docs/mathematics/SCIENTIFIC_ENGINEERING_BOUNDARY.md,md,1748,docs,O9,documentation,math_or_audit,none,,,,UNKNOWN,REVIEW,requires owner validation,,LOW
docs/mathematics/SYNERGY.md,md,437,docs,O9,documentation,math_or_audit,none,,,,UNKNOWN,REVIEW,requires owner validation,,LOW
docs/mathematics/TRAIT_AGGREGATION.md,md,1355,docs,O9,documentation,math_or_audit,none,,,,UNKNOWN,REVIEW,requires owner validation,,LOW
docs/mathematics/UNCERTAINTY.md,md,931,docs,O9,documentation,math_or_audit,none,,,,UNKNOWN,REVIEW,requires owner validation,,LOW
docs/mathematics/WAREHOUSE_BLOCKERS.md,md,2559,docs,O9,documentation,math_or_audit,warehouse_consumer,,,,UNKNOWN,REVIEW,requires owner validation,,LOW
docs/MINIMAL_PROJECT_TREE.md,md,436,docs,UNKNOWN,documentation,general,none,,,,UNKNOWN,REVIEW,requires owner validation,,LOW
docs/PROJECT_SIZE.md,md,300,docs,UNKNOWN,documentation,general,none,,,,UNKNOWN,REVIEW,requires owner validation,,LOW
docs/PROJECT_STRUCTURE.md,md,776,docs,UNKNOWN,documentation,general,none,,,,UNKNOWN,REVIEW,requires owner validation,,LOW
docs/README.md,md,374,docs,UNKNOWN,documentation,general,none,,,,UNKNOWN,REVIEW,requires owner validation,,LOW
docs/RUNTIME_DEPENDENCIES.md,md,943,docs,UNKNOWN,documentation,general,none,,,,UNKNOWN,REVIEW,requires owner validation,,LOW
docs/RUNTIME_PIPELINE.md,md,1075,docs,UNKNOWN,documentation,general,none,,,,UNKNOWN,REVIEW,requires owner validation,,LOW
docs/SCIENCE_MODEL.md,md,1049,docs,UNKNOWN,documentation,general,none,,,,UNKNOWN,REVIEW,requires owner validation,,LOW
docs/SYSTEM_ARCHITECTURE.md,md,2688,docs,UNKNOWN,documentation,general,none,,,,UNKNOWN,REVIEW,requires owner validation,,LOW
docs/validation_report.md,md,1166,docs,UNKNOWN,documentation,general,none,,,,UNKNOWN,REVIEW,requires owner validation,,LOW
docs/WAREHOUSE_GUIDE.md,md,2363,docs,UNKNOWN,documentation,general,warehouse_consumer,,,,UNKNOWN,REVIEW,requires owner validation,,LOW
legacy/app.js,js,20754,legacy,LEGACY,runtime_or_tooling,general,none,,,,LEGACY,ARCHIVE,legacy not imported by active code,,LOW
legacy/authoring/__init__.py,py,130,legacy,LEGACY,runtime_or_tooling,general,none,,,,LEGACY,ARCHIVE,legacy not imported by active code,,LOW
legacy/authoring/__main__.py,py,102,legacy,LEGACY,runtime_or_tooling,general,none,,authoring.pipeline,,LEGACY,ARCHIVE,legacy not imported by active code,,LOW
legacy/authoring/builder.py,py,8539,legacy,LEGACY,runtime_or_tooling,general,none,,__future__|authoring.models|csv|curation.evidence_ranking|datetime|json|pathlib|science_pipeline.provenance|typing,,LEGACY,ARCHIVE,legacy not imported by active code,,LOW
legacy/authoring/drafts/draft-0140bb7711.json,json,556,legacy,LEGACY,runtime_or_tooling,general,none,,,,LEGACY,ARCHIVE,legacy not imported by active code,,LOW
legacy/authoring/drafts/draft-0dae669195.json,json,597,legacy,LEGACY,runtime_or_tooling,general,none,,,,LEGACY,ARCHIVE,legacy not imported by active code,,LOW
legacy/authoring/drafts/draft-1028ed62b8.json,json,597,legacy,LEGACY,runtime_or_tooling,general,none,,,,LEGACY,ARCHIVE,legacy not imported by active code,,LOW
legacy/authoring/drafts/draft-1094c418bd.json,json,556,legacy,LEGACY,runtime_or_tooling,general,none,,,,LEGACY,ARCHIVE,legacy not imported by active code,,LOW
legacy/authoring/drafts/draft-129bd9c068.json,json,556,legacy,LEGACY,runtime_or_tooling,general,none,,,,LEGACY,ARCHIVE,legacy not imported by active code,,LOW
legacy/authoring/drafts/draft-1b25c581a2.json,json,597,legacy,LEGACY,runtime_or_tooling,general,none,,,,LEGACY,ARCHIVE,legacy not imported by active code,,LOW
legacy/authoring/drafts/draft-1f7cbdc5c9.json,json,597,legacy,LEGACY,runtime_or_tooling,general,none,,,,LEGACY,ARCHIVE,legacy not imported by active code,,LOW
legacy/authoring/drafts/draft-24d0388dff.json,json,556,legacy,LEGACY,runtime_or_tooling,general,none,,,,LEGACY,ARCHIVE,legacy not imported by active code,,LOW
legacy/authoring/drafts/draft-29ab489b53.json,json,556,legacy,LEGACY,runtime_or_tooling,general,none,,,,LEGACY,ARCHIVE,legacy not imported by active code,,LOW
legacy/authoring/drafts/draft-2f2735093a.json,json,597,legacy,LEGACY,runtime_or_tooling,general,none,,,,LEGACY,ARCHIVE,legacy not imported by active code,,LOW
legacy/authoring/drafts/draft-3a65ff44bb.json,json,556,legacy,LEGACY,runtime_or_tooling,general,none,,,,LEGACY,ARCHIVE,legacy not imported by active code,,LOW
legacy/authoring/drafts/draft-41f737765e.json,json,817,legacy,LEGACY,runtime_or_tooling,general,none,,,,LEGACY,ARCHIVE,legacy not imported by active code,,LOW
legacy/authoring/drafts/draft-5ab71769bd.json,json,597,legacy,LEGACY,runtime_or_tooling,general,none,,,,LEGACY,ARCHIVE,legacy not imported by active code,,LOW
legacy/authoring/drafts/draft-5ff1fea851.json,json,597,legacy,LEGACY,runtime_or_tooling,general,none,,,,LEGACY,ARCHIVE,legacy not imported by active code,,LOW
legacy/authoring/drafts/draft-63a2f44caf.json,json,556,legacy,LEGACY,runtime_or_tooling,general,none,,,,LEGACY,ARCHIVE,legacy not imported by active code,,LOW
legacy/authoring/drafts/draft-7436284cb8.json,json,556,legacy,LEGACY,runtime_or_tooling,general,none,,,,LEGACY,ARCHIVE,legacy not imported by active code,,LOW
legacy/authoring/drafts/draft-823e66ef7f.json,json,597,legacy,LEGACY,runtime_or_tooling,general,none,,,,LEGACY,ARCHIVE,legacy not imported by active code,,LOW
legacy/authoring/drafts/draft-8640919d10.json,json,597,legacy,LEGACY,runtime_or_tooling,general,none,,,,LEGACY,ARCHIVE,legacy not imported by active code,,LOW
legacy/authoring/drafts/draft-9eb5049221.json,json,597,legacy,LEGACY,runtime_or_tooling,general,none,,,,LEGACY,ARCHIVE,legacy not imported by active code,,LOW
legacy/authoring/drafts/draft-a630246c9b.json,json,556,legacy,LEGACY,runtime_or_tooling,general,none,,,,LEGACY,ARCHIVE,legacy not imported by active code,,LOW
legacy/authoring/drafts/draft-b2a2364c5a.json,json,556,legacy,LEGACY,runtime_or_tooling,general,none,,,,LEGACY,ARCHIVE,legacy not imported by active code,,LOW
legacy/authoring/drafts/draft-c872f02df6.json,json,556,legacy,LEGACY,runtime_or_tooling,general,none,,,,LEGACY,ARCHIVE,legacy not imported by active code,,LOW
legacy/authoring/drafts/draft-d559816c1e.json,json,597,legacy,LEGACY,runtime_or_tooling,general,none,,,,LEGACY,ARCHIVE,legacy not imported by active code,,LOW
legacy/authoring/drafts/draft-dc6f6260da.json,json,597,legacy,LEGACY,runtime_or_tooling,general,none,,,,LEGACY,ARCHIVE,legacy not imported by active code,,LOW
legacy/authoring/drafts/draft-ea89aed9d4.json,json,556,legacy,LEGACY,runtime_or_tooling,general,none,,,,LEGACY,ARCHIVE,legacy not imported by active code,,LOW
legacy/authoring/drafts/draft-f6c5feaf0c.json,json,556,legacy,LEGACY,runtime_or_tooling,general,none,,,,LEGACY,ARCHIVE,legacy not imported by active code,,LOW
legacy/authoring/drafts/draft-f95c717002.json,json,597,legacy,LEGACY,runtime_or_tooling,general,none,,,,LEGACY,ARCHIVE,legacy not imported by active code,,LOW
legacy/authoring/explorer.py,py,6919,legacy,LEGACY,runtime_or_tooling,general,none,,__future__|app.core.paths|app.data.repository|app.science.builder|json|ontology|pathlib,,LEGACY,ARCHIVE,legacy not imported by active code,,LOW
legacy/authoring/ml_sandbox.py,py,2442,legacy,LEGACY,runtime_or_tooling,general,none,,__future__|app.core.paths|app.data.repository|app.science.builder|app.science.coverage|collections|curation.duplicate_detection|datetime|json|pathlib|typing,,LEGACY,ARCHIVE,legacy not imported by active code,,LOW
legacy/authoring/models.py,py,4104,legacy,LEGACY,runtime_or_tooling,general,none,,__future__|dataclasses|datetime|json|pathlib|re|typing|uuid,,LEGACY,ARCHIVE,legacy not imported by active code,,LOW
legacy/authoring/pipeline.py,py,3674,legacy,LEGACY,runtime_or_tooling,general,none,,__future__|argparse|authoring.builder|authoring.explorer|authoring.ml_sandbox|authoring.models|curation.conflict_resolution|curation.duplicate_detection|curation.evidence_ranking|datetime|json|ontology|pathlib|sys,,LEGACY,ARCHIVE,legacy not imported by active code,,LOW
legacy/authoring/portal.py,py,3774,legacy,LEGACY,runtime_or_tooling,general,none,,__future__|app.science.coverage|authoring.research|curation.conflict_resolution|curation.duplicate_detection|curation.evidence_ranking|ontology|typing,,LEGACY,ARCHIVE,legacy not imported by active code,,LOW
legacy/authoring/published/draft-0dae669195.json,json,2308,legacy,LEGACY,runtime_or_tooling,general,none,,,,LEGACY,ARCHIVE,legacy not imported by active code,,LOW
legacy/authoring/published/draft-1028ed62b8.json,json,2308,legacy,LEGACY,runtime_or_tooling,general,none,,,,LEGACY,ARCHIVE,legacy not imported by active code,,LOW
legacy/authoring/published/draft-1b25c581a2.json,json,2308,legacy,LEGACY,runtime_or_tooling,general,none,,,,LEGACY,ARCHIVE,legacy not imported by active code,,LOW
legacy/authoring/published/draft-1f7cbdc5c9.json,json,2308,legacy,LEGACY,runtime_or_tooling,general,none,,,,LEGACY,ARCHIVE,legacy not imported by active code,,LOW
legacy/authoring/published/draft-2f2735093a.json,json,2308,legacy,LEGACY,runtime_or_tooling,general,none,,,,LEGACY,ARCHIVE,legacy not imported by active code,,LOW
legacy/authoring/published/draft-41f737765e.json,json,3845,legacy,LEGACY,runtime_or_tooling,general,none,,,,LEGACY,ARCHIVE,legacy not imported by active code,,LOW
legacy/authoring/published/draft-5ab71769bd.json,json,2308,legacy,LEGACY,runtime_or_tooling,general,none,,,,LEGACY,ARCHIVE,legacy not imported by active code,,LOW
legacy/authoring/published/draft-5ff1fea851.json,json,2308,legacy,LEGACY,runtime_or_tooling,general,none,,,,LEGACY,ARCHIVE,legacy not imported by active code,,LOW
legacy/authoring/published/draft-823e66ef7f.json,json,2308,legacy,LEGACY,runtime_or_tooling,general,none,,,,LEGACY,ARCHIVE,legacy not imported by active code,,LOW
legacy/authoring/published/draft-8640919d10.json,json,2308,legacy,LEGACY,runtime_or_tooling,general,none,,,,LEGACY,ARCHIVE,legacy not imported by active code,,LOW
legacy/authoring/published/draft-9eb5049221.json,json,2308,legacy,LEGACY,runtime_or_tooling,general,none,,,,LEGACY,ARCHIVE,legacy not imported by active code,,LOW
legacy/authoring/published/draft-d559816c1e.json,json,2308,legacy,LEGACY,runtime_or_tooling,general,none,,,,LEGACY,ARCHIVE,legacy not imported by active code,,LOW
legacy/authoring/published/draft-dc6f6260da.json,json,2308,legacy,LEGACY,runtime_or_tooling,general,none,,,,LEGACY,ARCHIVE,legacy not imported by active code,,LOW
legacy/authoring/published/draft-f95c717002.json,json,2308,legacy,LEGACY,runtime_or_tooling,general,none,,,,LEGACY,ARCHIVE,legacy not imported by active code,,LOW
legacy/authoring/research.py,py,8978,legacy,LEGACY,runtime_or_tooling,general,none,,__future__|app.core.paths|app.data.repository|app.science.builder|app.science.diff_engine|argparse|json|pandas|pathlib|typing,,LEGACY,ARCHIVE,legacy not imported by active code,,LOW
legacy/authoring/studio/explorer.html,html,16579,legacy,LEGACY,runtime_or_tooling,general,none,,,,LEGACY,ARCHIVE,legacy not imported by active code,,LOW
legacy/authoring/studio/explorer_data.json,json,20072,legacy,LEGACY,runtime_or_tooling,general,none,,,,LEGACY,ARCHIVE,legacy not imported by active code,,LOW
legacy/authoring/studio/ml_sandbox/README.md,md,149,legacy,LEGACY,runtime_or_tooling,general,none,,,,LEGACY,ARCHIVE,legacy not imported by active code,,LOW
legacy/authoring/studio/ml_sandbox/SUGGESTIONS.json,json,23688,legacy,LEGACY,runtime_or_tooling,general,none,,,,LEGACY,ARCHIVE,legacy not imported by active code,,LOW
legacy/authoring/templates/evidence_entry.template.json,json,823,legacy,LEGACY,runtime_or_tooling,general,none,,,,LEGACY,ARCHIVE,legacy not imported by active code,,LOW
legacy/catalog-service.js,js,4993,legacy,LEGACY,runtime_or_tooling,general,none,,,,LEGACY,ARCHIVE,legacy not imported by active code,,LOW
legacy/curation/conflict_resolution.py,py,3949,legacy,LEGACY,runtime_or_tooling,general,none,,__future__|app.core.paths|app.data.repository|app.science.builder|collections|curation.evidence_ranking|typing,,LEGACY,ARCHIVE,legacy not imported by active code,,LOW
legacy/curation/duplicate_detection.py,py,3579,legacy,LEGACY,runtime_or_tooling,general,none,,__future__|app.core.paths|app.data.repository|app.science.builder|collections|re|typing,,LEGACY,ARCHIVE,legacy not imported by active code,,LOW
legacy/curation/evidence_ranking.py,py,1902,legacy,LEGACY,runtime_or_tooling,general,none,,__future__|typing,,LEGACY,ARCHIVE,legacy not imported by active code,,LOW
legacy/curation/reports/CONFLICTS.json,json,1568,legacy,LEGACY,runtime_or_tooling,general,none,,,,LEGACY,ARCHIVE,legacy not imported by active code,,LOW
legacy/curation/reports/DUPLICATES.json,json,899,legacy,LEGACY,runtime_or_tooling,general,none,,,,LEGACY,ARCHIVE,legacy not imported by active code,,LOW
legacy/curation/reports/EVIDENCE_RANKING.md,md,801,legacy,LEGACY,runtime_or_tooling,general,none,,,,LEGACY,ARCHIVE,legacy not imported by active code,,LOW
legacy/debug/calculation.html,html,3022,legacy,LEGACY,runtime_or_tooling,general,none,,,,LEGACY,ARCHIVE,legacy not imported by active code,,LOW
legacy/index.html,html,3306,legacy,LEGACY,runtime_or_tooling,general,none,,,,LEGACY,ARCHIVE,legacy not imported by active code,,LOW
legacy/ontology/__init__.py,py,5556,legacy,LEGACY,runtime_or_tooling,general,none,,__future__|json|pathlib|typing,,LEGACY,ARCHIVE,legacy not imported by active code,,LOW
legacy/ontology/anatomy/anatomy_index.json,json,281,legacy,LEGACY,runtime_or_tooling,general,none,,,,LEGACY,ARCHIVE,legacy not imported by active code,,LOW
legacy/ontology/condition_graph/CONDITION_ONTOLOGY.md,md,1031,legacy,LEGACY,runtime_or_tooling,general,none,,,,LEGACY,ARCHIVE,legacy not imported by active code,,LOW
legacy/ontology/condition_graph/conditions.json,json,1305,legacy,LEGACY,runtime_or_tooling,general,none,,,,LEGACY,ARCHIVE,legacy not imported by active code,,LOW
legacy/ontology/ingredient_graph/ingredients.json,json,866,legacy,LEGACY,runtime_or_tooling,general,none,,,,LEGACY,ARCHIVE,legacy not imported by active code,,LOW
legacy/ontology/physiology/physiology_index.json,json,864,legacy,LEGACY,runtime_or_tooling,general,none,,,,LEGACY,ARCHIVE,legacy not imported by active code,,LOW
legacy/ppie-dev-menu.js,js,3808,legacy,LEGACY,runtime_or_tooling,general,none,,,,LEGACY,ARCHIVE,legacy not imported by active code,,LOW
legacy/ppie-sheets.js,js,23266,legacy,LEGACY,runtime_or_tooling,general,none,,,,LEGACY,ARCHIVE,legacy not imported by active code,,LOW
legacy/ppie-shell.js,js,41117,legacy,LEGACY,runtime_or_tooling,general,none,,,,LEGACY,ARCHIVE,legacy not imported by active code,,LOW
legacy/ppie-trace.js,js,6036,legacy,LEGACY,runtime_or_tooling,general,none,,,,LEGACY,ARCHIVE,legacy not imported by active code,,LOW
legacy/ppie-ui.js,js,8517,legacy,LEGACY,runtime_or_tooling,general,none,,,,LEGACY,ARCHIVE,legacy not imported by active code,,LOW
legacy/ppie-validation-console.css,css,11331,legacy,LEGACY,runtime_or_tooling,general,none,,,,LEGACY,ARCHIVE,legacy not imported by active code,,LOW
legacy/ppie-validation-console.js,js,43095,legacy,LEGACY,runtime_or_tooling,general,none,,,,LEGACY,ARCHIVE,legacy not imported by active code,,LOW
legacy/README.md,md,329,legacy,LEGACY,runtime_or_tooling,general,none,,,,LEGACY,ARCHIVE,legacy not imported by active code,,LOW
legacy/report-renderer.js,js,23218,legacy,LEGACY,runtime_or_tooling,general,none,,,,LEGACY,ARCHIVE,legacy not imported by active code,,LOW
legacy/science_pipeline/__main__.py,py,150,legacy,LEGACY,runtime_or_tooling,general,none,,science_pipeline.release,,LEGACY,ARCHIVE,legacy not imported by active code,,LOW
legacy/science_pipeline/provenance.py,py,1004,legacy,LEGACY,runtime_or_tooling,general,none,,,,LEGACY,ARCHIVE,legacy not imported by active code,,LOW
legacy/science_pipeline/release.py,py,3768,legacy,LEGACY,runtime_or_tooling,general,none,,__future__|app.core.paths|app.data.repository|app.science.builder|argparse|datetime|json|pathlib|science_pipeline.release_ops|science_pipeline.validation_extended|subprocess|sys|typing,,LEGACY,ARCHIVE,legacy not imported by active code,,LOW
legacy/science_pipeline/release_ops.py,py,3337,legacy,LEGACY,runtime_or_tooling,general,none,,__future__|datetime|json|pathlib|shutil|typing,,LEGACY,ARCHIVE,legacy not imported by active code,,LOW
legacy/science_pipeline/validation_extended.py,py,16099,legacy,LEGACY,runtime_or_tooling,general,none,,__future__|app.core.paths|app.data.repository|app.science.builder|app.science.validator|collections|datetime|json|pandas|pathlib|re|typing,,LEGACY,ARCHIVE,legacy not imported by active code,,LOW
legacy/styles.css,css,87613,legacy,LEGACY,runtime_or_tooling,general,none,,,,LEGACY,ARCHIVE,legacy not imported by active code,,LOW
legacy/theme.css,css,2462,legacy,LEGACY,runtime_or_tooling,general,none,,,,LEGACY,ARCHIVE,legacy not imported by active code,,LOW
nixpacks.toml,toml,282,.,UNKNOWN,runtime_or_tooling,general,none,,,,UNKNOWN,REVIEW,requires owner validation,,LOW
package.json,json,356,.,UNKNOWN,runtime_or_tooling,general,none,,,,UNKNOWN,REVIEW,requires owner validation,,LOW
railway.json,json,344,.,UNKNOWN,runtime_or_tooling,general,none,,,,UNKNOWN,REVIEW,requires owner validation,,LOW
README.md,md,899,.,UNKNOWN,runtime_or_tooling,general,none,,,,UNKNOWN,REVIEW,requires owner validation,,LOW
legacy/archive/omega9.6b/repository/api/README.md,md,244,legacy/archive/omega9.6b/repository,UNKNOWN,runtime_or_tooling,general,none,,,,ARCHIVED_OMEGA9.6B,ARCHIVE,Archived in Omega9.6B Batch A (scaffolding cleanup),repository/api/README.md,LOW
repository/benchmarks/__init__.py,py,539,repository,UNKNOWN,runtime_or_tooling,general,none,,.comparator|.metrics|.reports|.runner,,ACTIVE,KEEP,active or retained for audit,,LOW
repository/benchmarks/comparator.py,py,1218,repository,UNKNOWN,runtime_or_tooling,general,none,repository/benchmarks/__init__.py|repository/benchmarks/reports.py|repository/benchmarks/runner.py,.metrics|__future__|dataclasses,,ACTIVE,KEEP,active or retained for audit,,LOW
repository/benchmarks/metrics.py,py,1343,repository,UNKNOWN,runtime_or_tooling,general,none,repository/benchmarks/__init__.py|repository/benchmarks/comparator.py,__future__|math,,ACTIVE,KEEP,active or retained for audit,,LOW
repository/benchmarks/reports.py,py,702,repository,UNKNOWN,runtime_or_tooling,general,none,repository/benchmarks/__init__.py|repository/benchmarks/runner.py,.comparator|__future__,,ACTIVE,KEEP,active or retained for audit,,LOW
repository/benchmarks/runner.py,py,3842,repository,UNKNOWN,runtime_or_tooling,general,none,repository/benchmarks/__init__.py|tests/benchmarks/test_benchmark_runner.py,.comparator|.reports|__future__|json|pathlib|repository.formulas.loader|repository.mathematics.runtime|repository.models.runtime|repository.warehouse,,ACTIVE,KEEP,active or retained for audit,,LOW
legacy/archive/omega9.6b/repository/docs/README.md,md,97,legacy/archive/omega9.6b/repository,UNKNOWN,runtime_or_tooling,general,none,,,,ARCHIVED_OMEGA9.6B,ARCHIVE,Archived in Omega9.6B Batch A (scaffolding cleanup),repository/docs/README.md,LOW
repository/engine/__init__.py,py,38,repository,UNKNOWN,runtime_or_tooling,general,none,,,,ACTIVE,KEEP,active or retained for audit,,LOW
repository/engine/biology/interfaces.py,py,269,repository,UNKNOWN,runtime_or_tooling,general,none,,__future__|typing,,ACTIVE,KEEP,active or retained for audit,,LOW
repository/engine/biology/models.py,py,293,repository,UNKNOWN,runtime_or_tooling,general,none,repository/engine/biology/service.py,__future__|dataclasses,,ACTIVE,KEEP,active or retained for audit,,LOW
repository/engine/biology/README.md,md,185,repository,UNKNOWN,runtime_or_tooling,general,none,,,,ACTIVE,KEEP,active or retained for audit,,LOW
repository/engine/biology/service.py,py,267,repository,UNKNOWN,runtime_or_tooling,general,none,tests/engine/test_engine_layer_boundaries.py,.models|__future__,,ACTIVE,KEEP,active or retained for audit,,LOW
repository/engine/epidemiology/interfaces.py,py,287,repository,UNKNOWN,runtime_or_tooling,general,none,,__future__|typing,,ACTIVE,KEEP,active or retained for audit,,LOW
repository/engine/epidemiology/models.py,py,244,repository,UNKNOWN,runtime_or_tooling,general,none,repository/engine/epidemiology/service.py,__future__|dataclasses,,ACTIVE,KEEP,active or retained for audit,,LOW
repository/engine/epidemiology/README.md,md,153,repository,UNKNOWN,runtime_or_tooling,general,none,,,,ACTIVE,KEEP,active or retained for audit,,LOW
repository/engine/epidemiology/service.py,py,290,repository,UNKNOWN,runtime_or_tooling,general,none,tests/engine/test_engine_layer_boundaries.py,.models|__future__,,ACTIVE,KEEP,active or retained for audit,,LOW
repository/engine/estimation/interfaces.py,py,264,repository,UNKNOWN,runtime_or_tooling,general,none,,__future__|typing,,ACTIVE,KEEP,active or retained for audit,,LOW
repository/engine/estimation/models.py,py,239,repository,UNKNOWN,runtime_or_tooling,general,none,repository/engine/estimation/service.py,__future__|dataclasses,,ACTIVE,KEEP,active or retained for audit,,LOW
repository/engine/estimation/README.md,md,171,repository,UNKNOWN,runtime_or_tooling,general,none,,,,ACTIVE,KEEP,active or retained for audit,,LOW
repository/engine/estimation/service.py,py,287,repository,UNKNOWN,runtime_or_tooling,general,none,tests/engine/test_engine_layer_boundaries.py,.models|__future__,,ACTIVE,KEEP,active or retained for audit,,LOW
repository/engine/explainability/interfaces.py,py,274,repository,UNKNOWN,runtime_or_tooling,general,none,,__future__|typing,,ACTIVE,KEEP,active or retained for audit,,LOW
repository/engine/explainability/models.py,py,249,repository,UNKNOWN,runtime_or_tooling,general,none,repository/engine/explainability/service.py,__future__|dataclasses,,ACTIVE,KEEP,active or retained for audit,,LOW
repository/engine/explainability/README.md,md,171,repository,UNKNOWN,runtime_or_tooling,general,none,,,,ACTIVE,KEEP,active or retained for audit,,LOW
repository/engine/explainability/service.py,py,306,repository,UNKNOWN,runtime_or_tooling,general,none,,.models|__future__,,ACTIVE,KEEP,active or retained for audit,,LOW
repository/engine/nutrition/interfaces.py,py,277,repository,UNKNOWN,runtime_or_tooling,general,none,,__future__|typing,,ACTIVE,KEEP,active or retained for audit,,LOW
repository/engine/nutrition/models.py,py,242,repository,UNKNOWN,runtime_or_tooling,general,none,repository/engine/nutrition/service.py,__future__|dataclasses,,ACTIVE,KEEP,active or retained for audit,,LOW
repository/engine/nutrition/README.md,md,164,repository,UNKNOWN,runtime_or_tooling,general,none,,,,ACTIVE,KEEP,active or retained for audit,,LOW
repository/engine/nutrition/service.py,py,296,repository,UNKNOWN,runtime_or_tooling,general,none,,.models|__future__,,ACTIVE,KEEP,active or retained for audit,,LOW
repository/engine/optimization/interfaces.py,py,260,repository,UNKNOWN,runtime_or_tooling,general,none,,__future__|typing,,ACTIVE,KEEP,active or retained for audit,,LOW
repository/engine/optimization/models.py,py,244,repository,UNKNOWN,runtime_or_tooling,general,none,repository/engine/optimization/service.py,__future__|dataclasses,,ACTIVE,KEEP,active or retained for audit,,LOW
repository/engine/optimization/README.md,md,170,repository,UNKNOWN,runtime_or_tooling,general,none,,,,ACTIVE,KEEP,active or retained for audit,,LOW
repository/engine/optimization/service.py,py,290,repository,UNKNOWN,runtime_or_tooling,general,none,,.models|__future__,,ACTIVE,KEEP,active or retained for audit,,LOW
repository/engine/prevention/interfaces.py,py,281,repository,UNKNOWN,runtime_or_tooling,general,none,,__future__|typing,,ACTIVE,KEEP,active or retained for audit,,LOW
repository/engine/prevention/models.py,py,243,repository,UNKNOWN,runtime_or_tooling,general,none,repository/engine/prevention/service.py,__future__|dataclasses,,ACTIVE,KEEP,active or retained for audit,,LOW
repository/engine/prevention/README.md,md,168,repository,UNKNOWN,runtime_or_tooling,general,none,,,,ACTIVE,KEEP,active or retained for audit,,LOW
repository/engine/prevention/service.py,py,301,repository,UNKNOWN,runtime_or_tooling,general,none,,.models|__future__,,ACTIVE,KEEP,active or retained for audit,,LOW
repository/engine/products/interfaces.py,py,273,repository,UNKNOWN,runtime_or_tooling,general,none,,__future__|typing,,ACTIVE,KEEP,active or retained for audit,,LOW
repository/engine/products/models.py,py,238,repository,UNKNOWN,runtime_or_tooling,general,none,repository/engine/products/service.py,__future__|dataclasses,,ACTIVE,KEEP,active or retained for audit,,LOW
repository/engine/products/README.md,md,173,repository,UNKNOWN,runtime_or_tooling,general,none,,,,ACTIVE,KEEP,active or retained for audit,,LOW
repository/engine/products/service.py,py,286,repository,UNKNOWN,runtime_or_tooling,general,none,,.models|__future__,,ACTIVE,KEEP,active or retained for audit,,LOW
repository/engine/README.md,md,361,repository,UNKNOWN,runtime_or_tooling,general,none,,,,ACTIVE,KEEP,active or retained for audit,,LOW
repository/formulas/__init__.py,py,953,repository,UNKNOWN,runtime_or_tooling,math_or_audit,none,,.loader|.models|.registry|.resolver|.runtime|.validator,,ACTIVE,KEEP,active or retained for audit,,LOW
repository/formulas/FORMULA_REGISTRY.md,md,692,repository,UNKNOWN,runtime_or_tooling,math_or_audit,none,,,,ACTIVE,KEEP,active or retained for audit,,LOW
repository/formulas/loader.py,py,1278,repository,UNKNOWN,runtime_or_tooling,math_or_audit,none,repository/benchmarks/runner.py|repository/formulas/__init__.py|repository/formulas/runtime.py|tests/formulas/test_formula_runtime.py|tests/mathematics/test_methodology_audit.py,__future__|pandas|pathlib|repository.warehouse|repository.warehouse.warehouse_interface,,ACTIVE,KEEP,active or retained for audit,,LOW
repository/formulas/models.py,py,1362,repository,UNKNOWN,runtime_or_tooling,math_or_audit,none,repository/formulas/__init__.py|repository/formulas/registry.py|repository/formulas/resolver.py|repository/formulas/runtime.py|repository/formulas/validator.py,__future__|dataclasses,,ACTIVE,KEEP,active or retained for audit,,LOW
repository/formulas/registry.py,py,4903,repository,UNKNOWN,runtime_or_tooling,math_or_audit,none,repository/formulas/__init__.py|repository/formulas/resolver.py|repository/formulas/runtime.py|repository/formulas/validator.py|tests/formulas/test_formula_runtime.py,.models|__future__|pandas,,ACTIVE,KEEP,active or retained for audit,,LOW
repository/formulas/resolver.py,py,1652,repository,UNKNOWN,runtime_or_tooling,math_or_audit,none,repository/formulas/__init__.py|repository/formulas/runtime.py|tests/formulas/test_formula_runtime.py,.models|.registry|__future__,,ACTIVE,KEEP,active or retained for audit,,LOW
repository/formulas/runtime.py,py,1741,repository,UNKNOWN,runtime_or_tooling,math_or_audit,none,repository/formulas/__init__.py|repository/math_debugger/formula_validator.py|repository/mathematics/formula_access.py|tests/formulas/test_formula_runtime.py,.loader|.models|.registry|.resolver|.validator|__future__|dataclasses|functools|repository.warehouse,,ACTIVE,KEEP,active or retained for audit,,LOW
repository/formulas/validator.py,py,2532,repository,UNKNOWN,runtime_or_tooling,math_or_audit,none,repository/formulas/__init__.py|repository/formulas/runtime.py|tests/formulas/test_formula_runtime.py,.models|.registry|__future__,,ACTIVE,KEEP,active or retained for audit,,LOW
legacy/archive/omega9.6b/repository/frontend/README.md,md,208,legacy/archive/omega9.6b/repository,UNKNOWN,runtime_or_tooling,general,none,,,,ARCHIVED_OMEGA9.6B,ARCHIVE,Archived in Omega9.6B Batch A (scaffolding cleanup),repository/frontend/README.md,LOW
repository/math_debugger/__init__.py,py,1361,repository,O9,runtime_or_tooling,math_or_audit,none,tests/math_debugger/test_math_debugger_runtime.py|tests/math_debugger/test_mathematical_integrity.py,.formula_validator|.html_report|.independent_replay|.models|.numerical_inventory|.replay|.reports|.runtime|.sensitivity,,ACTIVE,KEEP,active or retained for audit,,LOW
repository/math_debugger/code_reference.py,py,484,repository,O9,runtime_or_tooling,math_or_audit,none,repository/math_debugger/formula_trace.py,.models|__future__,,ACTIVE,KEEP,active or retained for audit,,LOW
repository/math_debugger/execution_tree.py,py,1876,repository,O9,runtime_or_tooling,math_or_audit,none,repository/math_debugger/pipeline_trace.py,.models|__future__,,ACTIVE,KEEP,active or retained for audit,,LOW
repository/math_debugger/FORMULA_REGISTRY.md,md,557,repository,O9,runtime_or_tooling,math_or_audit,none,,,,ACTIVE,KEEP,active or retained for audit,,LOW
repository/math_debugger/formula_trace.py,py,2400,repository,O9,runtime_or_tooling,math_or_audit,none,repository/math_debugger/pipeline_trace.py,.code_reference|.models|.variable_trace|.warehouse_trace|__future__|repository.mathematics.models,,ACTIVE,KEEP,active or retained for audit,,LOW
repository/math_debugger/formula_validator.py,py,4245,repository,O9,runtime_or_tooling,math_or_audit,none,repository/math_debugger/__init__.py,.models|__future__|ast|pathlib|repository.formulas.runtime,,ACTIVE,KEEP,active or retained for audit,,LOW
repository/math_debugger/html_report.py,py,905,repository,O9,runtime_or_tooling,math_or_audit,none,repository/math_debugger/__init__.py,.models|__future__,,ACTIVE,KEEP,active or retained for audit,,LOW
repository/math_debugger/independent_replay.py,py,5792,repository,O9,runtime_or_tooling,math_or_audit,none,repository/math_debugger/__init__.py|repository/math_debugger/sensitivity.py|tests/math_debugger/test_mathematical_integrity.py,.models|__future__|dataclasses|math,,ACTIVE,KEEP,active or retained for audit,,LOW
repository/math_debugger/interfaces.py,py,809,repository,O9,runtime_or_tooling,math_or_audit,none,,.models|__future__|repository.models.runtime|typing,,ACTIVE,KEEP,active or retained for audit,,LOW
repository/math_debugger/models.py,py,2432,repository,O9,runtime_or_tooling,math_or_audit,none,repository/math_debugger/__init__.py|repository/math_debugger/code_reference.py|repository/math_debugger/execution_tree.py|repository/math_debugger/formula_trace.py|repository/math_debugger/formula_validator.py|repository/math_debugger/html_report.py|repository/math_debugger/independent_replay.py|repository/math_debugger/interfaces.py|repository/math_debugger/pipeline_trace.py|repository/math_debugger/reports.py|repository/math_debugger/runtime.py|repository/math_debugger/sensitivity.py|repository/math_debugger/variable_trace.py|repository/math_debugger/warehouse_trace.py,__future__|dataclasses,,ACTIVE,KEEP,active or retained for audit,,LOW
repository/math_debugger/numerical_inventory.py,py,14022,repository,O9,runtime_or_tooling,math_or_audit,none,repository/math_debugger/__init__.py|tests/math_debugger/test_mathematical_integrity.py,__future__|ast|csv|dataclasses|pathlib|re,,ACTIVE,KEEP,active or retained for audit,,LOW
repository/math_debugger/pipeline_trace.py,py,1919,repository,O9,runtime_or_tooling,math_or_audit,none,repository/math_debugger/replay.py,.execution_tree|.formula_trace|.models|__future__|repository.mathematics.models,,ACTIVE,KEEP,active or retained for audit,,LOW
repository/math_debugger/replay.py,py,812,repository,O9,runtime_or_tooling,math_or_audit,none,repository/math_debugger/__init__.py|repository/math_debugger/runtime.py,.pipeline_trace|__future__|repository.mathematics.runtime|repository.models.runtime|repository.reasoning.models,,ACTIVE,KEEP,active or retained for audit,,LOW
repository/math_debugger/reports.py,py,1999,repository,O9,runtime_or_tooling,math_or_audit,none,repository/math_debugger/__init__.py,.models|__future__,,ACTIVE,KEEP,active or retained for audit,,LOW
repository/math_debugger/runtime.py,py,5865,repository,O9,runtime_or_tooling,math_or_audit,none,repository/math_debugger/__init__.py,.models|.replay|__future__|repository.models.runtime|repository.optimization.models|repository.reasoning.models,,ACTIVE,KEEP,active or retained for audit,,LOW
repository/math_debugger/sensitivity.py,py,3850,repository,O9,runtime_or_tooling,math_or_audit,none,repository/math_debugger/__init__.py|tests/math_debugger/test_mathematical_integrity.py,.independent_replay|.models|__future__|dataclasses,,ACTIVE,KEEP,active or retained for audit,,LOW
repository/math_debugger/variable_trace.py,py,581,repository,O9,runtime_or_tooling,math_or_audit,none,repository/math_debugger/formula_trace.py,.models|__future__,,ACTIVE,KEEP,active or retained for audit,,LOW
repository/math_debugger/warehouse_trace.py,py,1187,repository,O9,runtime_or_tooling,math_or_audit,warehouse_consumer,repository/math_debugger/formula_trace.py,.models|__future__,,ACTIVE,KEEP,active or retained for audit,,LOW
repository/mathematics/__init__.py,py,1437,repository,O9,runtime_or_tooling,math_or_audit,none,,.aggregation|.agreement|.confidence|.epidemiology|.models|.novelty|.priority|.runtime|.uncertainty,,ACTIVE,KEEP,active or retained for audit,,LOW
repository/mathematics/aggregation.py,py,7624,repository,O9,runtime_or_tooling,math_or_audit,none,repository/mathematics/__init__.py|repository/mathematics/runtime.py,.bayesian|.formula_access|.formulas|.interaction|.models|.normalization|.weights|__future__,,ACTIVE,KEEP,active or retained for audit,,LOW
repository/mathematics/agreement.py,py,2580,repository,O9,runtime_or_tooling,math_or_audit,none,repository/mathematics/__init__.py|repository/mathematics/runtime.py|tests/math_debugger/test_mathematical_integrity.py,.formulas|.models|__future__,,ACTIVE,KEEP,active or retained for audit,,LOW
repository/mathematics/bayesian.py,py,591,repository,O9,runtime_or_tooling,math_or_audit,none,repository/mathematics/aggregation.py|tests/math_debugger/test_mathematical_integrity.py,.normalization|__future__,,ACTIVE,KEEP,active or retained for audit,,LOW
repository/mathematics/confidence.py,py,4877,repository,O9,runtime_or_tooling,math_or_audit,none,repository/mathematics/__init__.py|repository/mathematics/runtime.py,.formula_access|.formulas|.models|__future__,,ACTIVE,KEEP,active or retained for audit,,LOW
repository/mathematics/epidemiology.py,py,3479,repository,O9,runtime_or_tooling,math_or_audit,none,repository/mathematics/__init__.py|repository/mathematics/runtime.py,.formulas|.models|.normalization|__future__,,ACTIVE,KEEP,active or retained for audit,,LOW
repository/mathematics/formula_access.py,py,642,repository,O9,runtime_or_tooling,math_or_audit,none,repository/mathematics/aggregation.py|repository/mathematics/confidence.py|repository/mathematics/novelty.py|repository/mathematics/priority.py|repository/mathematics/uncertainty.py,__future__|repository.formulas.runtime,,ACTIVE,KEEP,active or retained for audit,,LOW
repository/mathematics/FORMULA_REGISTRY.md,md,831,repository,O9,runtime_or_tooling,math_or_audit,none,,,,ACTIVE,KEEP,active or retained for audit,,LOW
repository/mathematics/formulas.py,py,2322,repository,O9,runtime_or_tooling,math_or_audit,none,repository/mathematics/aggregation.py|repository/mathematics/agreement.py|repository/mathematics/confidence.py|repository/mathematics/epidemiology.py|repository/mathematics/novelty.py|repository/mathematics/priority.py|repository/mathematics/uncertainty.py|tests/mathematics/test_mathematics_runtime.py,__future__|dataclasses,,ACTIVE,KEEP,active or retained for audit,,LOW
repository/mathematics/interaction.py,py,656,repository,O9,runtime_or_tooling,math_or_audit,none,repository/mathematics/aggregation.py,.normalization|__future__,,ACTIVE,KEEP,active or retained for audit,,LOW
repository/mathematics/interfaces.py,py,2883,repository,O9,runtime_or_tooling,math_or_audit,none,,.models|__future__|repository.models.runtime|repository.reasoning.models|typing,,ACTIVE,KEEP,active or retained for audit,,LOW
repository/mathematics/models.py,py,4763,repository,O9,runtime_or_tooling,math_or_audit,none,repository/math_debugger/formula_trace.py|repository/math_debugger/pipeline_trace.py|repository/mathematics/__init__.py|repository/mathematics/aggregation.py|repository/mathematics/agreement.py|repository/mathematics/confidence.py|repository/mathematics/epidemiology.py|repository/mathematics/interfaces.py|repository/mathematics/novelty.py|repository/mathematics/priority.py|repository/mathematics/runtime.py|repository/mathematics/uncertainty.py|tests/math_debugger/test_mathematical_integrity.py,__future__|dataclasses,,ACTIVE,KEEP,active or retained for audit,,LOW
repository/mathematics/normalization.py,py,1032,repository,O9,runtime_or_tooling,math_or_audit,none,repository/mathematics/aggregation.py|repository/mathematics/bayesian.py|repository/mathematics/epidemiology.py|repository/mathematics/interaction.py|repository/mathematics/uncertainty.py,__future__|math,,ACTIVE,KEEP,active or retained for audit,,LOW
repository/mathematics/novelty.py,py,3552,repository,O9,runtime_or_tooling,math_or_audit,none,repository/mathematics/__init__.py|repository/mathematics/runtime.py,.formula_access|.formulas|.models|__future__,,ACTIVE,KEEP,active or retained for audit,,LOW
repository/mathematics/priority.py,py,2939,repository,O9,runtime_or_tooling,math_or_audit,none,repository/mathematics/__init__.py|repository/mathematics/runtime.py,.formula_access|.formulas|.models|__future__,,ACTIVE,KEEP,active or retained for audit,,LOW
repository/mathematics/runtime.py,py,11853,repository,O9,runtime_or_tooling,math_or_audit,none,repository/benchmarks/runner.py|repository/math_debugger/replay.py|repository/mathematics/__init__.py|tests/math_debugger/test_math_debugger_runtime.py|tests/mathematics/test_mathematics_runtime.py|tests/mathematics/test_methodology_audit.py,.aggregation|.agreement|.confidence|.epidemiology|.models|.novelty|.priority|.uncertainty|__future__|dataclasses|repository.models.runtime|repository.reasoning.models|time|uuid,,ACTIVE,KEEP,active or retained for audit,,LOW
repository/mathematics/uncertainty.py,py,3215,repository,O9,runtime_or_tooling,math_or_audit,none,repository/mathematics/__init__.py|repository/mathematics/runtime.py,.formula_access|.formulas|.models|.normalization|__future__|math,,ACTIVE,KEEP,active or retained for audit,,LOW
repository/mathematics/weights.py,py,453,repository,O9,runtime_or_tooling,math_or_audit,none,repository/mathematics/aggregation.py,__future__,,ACTIVE,KEEP,active or retained for audit,,LOW
repository/mechanisms/__init__.py,py,1299,repository,UNKNOWN,runtime_or_tooling,general,none,tests/mechanisms/test_mechanism_runtime.py,.interfaces|.models|.runtime,,ACTIVE,KEEP,active or retained for audit,,LOW
repository/mechanisms/FORMULA_REGISTRY.md,md,1582,repository,UNKNOWN,runtime_or_tooling,math_or_audit,none,,,,ACTIVE,KEEP,active or retained for audit,,LOW
repository/mechanisms/formulas.py,py,2780,repository,UNKNOWN,runtime_or_tooling,math_or_audit,none,repository/mechanisms/runtime.py,__future__|dataclasses,,ACTIVE,KEEP,active or retained for audit,,LOW
repository/mechanisms/interfaces.py,py,1736,repository,UNKNOWN,runtime_or_tooling,general,none,repository/mechanisms/__init__.py|repository/mechanisms/runtime.py,.models|__future__|repository.reasoning.models|typing,,ACTIVE,KEEP,active or retained for audit,,LOW
repository/mechanisms/models.py,py,3104,repository,UNKNOWN,runtime_or_tooling,general,none,repository/mechanisms/__init__.py|repository/mechanisms/interfaces.py|repository/mechanisms/runtime.py|repository/objectives/models.py|repository/objectives/runtime.py|repository/sources/interfaces.py|repository/sources/runtime.py,__future__|dataclasses,,ACTIVE,KEEP,active or retained for audit,,LOW
repository/mechanisms/runtime.py,py,21465,repository,UNKNOWN,runtime_or_tooling,general,none,repository/mechanisms/__init__.py,.formulas|.interfaces|.models|__future__|dataclasses|repository.reasoning.models|repository.warehouse|time|uuid,,ACTIVE,KEEP,active or retained for audit,,LOW
repository/models/__init__.py,py,859,repository,UNKNOWN,runtime_or_tooling,general,none,tests/pipeline/test_pipeline_architecture.py,.explainability|.runtime|.trace,,ACTIVE,KEEP,active or retained for audit,,LOW
repository/models/explainability.py,py,1579,repository,UNKNOWN,runtime_or_tooling,general,none,repository/models/__init__.py|repository/pipeline/biological_runtime.py|repository/pipeline/interfaces.py|repository/reasoning/estimation/engine.py|repository/reasoning/explainability/builder.py|repository/reasoning/models.py|repository/reasoning/observed/engine.py|repository/reasoning/runtime.py|tests/mechanisms/test_mechanism_runtime.py|tests/objectives/test_objective_runtime.py,__future__|dataclasses,,ACTIVE,KEEP,active or retained for audit,,LOW
repository/models/runtime.py,py,3662,repository,UNKNOWN,runtime_or_tooling,general,none,repository/benchmarks/runner.py|repository/math_debugger/interfaces.py|repository/math_debugger/replay.py|repository/math_debugger/runtime.py|repository/mathematics/interfaces.py|repository/mathematics/runtime.py|repository/models/__init__.py|repository/pipeline/biological_runtime.py|repository/pipeline/interfaces.py|repository/pipeline/orchestrator.py|repository/reasoning/estimation/engine.py|repository/reasoning/interfaces.py|repository/reasoning/models.py|repository/reasoning/observed/engine.py|repository/reasoning/runtime.py|tests/math_debugger/test_math_debugger_runtime.py|tests/math_debugger/test_mathematical_integrity.py|tests/mathematics/test_mathematics_runtime.py|tests/mathematics/test_methodology_audit.py|tests/pipeline/test_biological_runtime.py|tests/reasoning/test_reasoning_runtime.py,__future__|dataclasses,,ACTIVE,KEEP,active or retained for audit,,LOW
repository/models/trace.py,py,584,repository,UNKNOWN,runtime_or_tooling,general,none,repository/models/__init__.py|repository/pipeline/orchestrator.py,__future__|dataclasses,,ACTIVE,KEEP,active or retained for audit,,LOW
repository/objectives/__init__.py,py,1234,repository,UNKNOWN,runtime_or_tooling,general,none,tests/objectives/test_objective_runtime.py,.interfaces|.models|.runtime,,ACTIVE,KEEP,active or retained for audit,,LOW
repository/objectives/FORMULA_REGISTRY.md,md,905,repository,UNKNOWN,runtime_or_tooling,math_or_audit,none,,,,ACTIVE,KEEP,active or retained for audit,,LOW
repository/objectives/formulas.py,py,3013,repository,UNKNOWN,runtime_or_tooling,math_or_audit,none,repository/objectives/runtime.py|repository/sources/runtime.py,__future__|dataclasses,,ACTIVE,KEEP,active or retained for audit,,LOW
repository/objectives/interfaces.py,py,1287,repository,UNKNOWN,runtime_or_tooling,general,none,repository/objectives/__init__.py|repository/objectives/runtime.py,.models|__future__|repository.reasoning.models|typing,,ACTIVE,KEEP,active or retained for audit,,LOW
repository/objectives/models.py,py,2714,repository,UNKNOWN,runtime_or_tooling,general,none,repository/objectives/__init__.py|repository/objectives/interfaces.py|repository/objectives/runtime.py|repository/optimization/interfaces.py|repository/optimization/runtime.py|repository/sources/interfaces.py|repository/sources/runtime.py|tests/math_debugger/test_math_debugger_runtime.py|tests/optimization/test_optimization_runtime.py,__future__|dataclasses|repository.mechanisms.models,,ACTIVE,KEEP,active or retained for audit,,LOW
repository/objectives/runtime.py,py,19605,repository,UNKNOWN,runtime_or_tooling,general,none,repository/objectives/__init__.py,.formulas|.interfaces|.models|__future__|dataclasses|repository.mechanisms.models|repository.reasoning.models|repository.sources.interfaces|repository.sources.runtime|repository.warehouse|time|uuid,,ACTIVE,KEEP,active or retained for audit,,LOW
repository/optimization/__init__.py,py,1979,repository,UNKNOWN,runtime_or_tooling,general,none,tests/optimization/test_optimization_runtime.py,.absorption|.calories|.candidate_generator|.conflict|.constraints|.coverage|.harmony|.models|.optimizer|.runtime|.synergy|.trace,,ACTIVE,KEEP,active or retained for audit,,LOW
repository/optimization/absorption.py,py,3042,repository,UNKNOWN,runtime_or_tooling,general,none,repository/optimization/__init__.py|repository/optimization/conflict.py|repository/optimization/runtime.py|repository/optimization/synergy.py,.models|__future__|repository.warehouse,,ACTIVE,KEEP,active or retained for audit,,LOW
repository/optimization/calories.py,py,2754,repository,UNKNOWN,runtime_or_tooling,general,none,repository/optimization/__init__.py|repository/optimization/runtime.py,.models|__future__|repository.warehouse,,ACTIVE,KEEP,active or retained for audit,,LOW
repository/optimization/candidate_generator.py,py,3808,repository,UNKNOWN,runtime_or_tooling,general,none,repository/optimization/__init__.py|repository/optimization/runtime.py,.models|__future__|itertools|repository.warehouse,,ACTIVE,KEEP,active or retained for audit,,LOW
repository/optimization/conflict.py,py,2380,repository,UNKNOWN,runtime_or_tooling,general,none,repository/optimization/__init__.py|repository/optimization/runtime.py,.absorption|.models|__future__|repository.warehouse,,ACTIVE,KEEP,active or retained for audit,,LOW
repository/optimization/constraints.py,py,8419,repository,UNKNOWN,runtime_or_tooling,general,none,repository/optimization/__init__.py|repository/optimization/runtime.py,.models|__future__|repository.warehouse,,ACTIVE,KEEP,active or retained for audit,,LOW
repository/optimization/coverage.py,py,2959,repository,UNKNOWN,runtime_or_tooling,general,none,repository/optimization/__init__.py|repository/optimization/runtime.py,.models|__future__|repository.warehouse,,ACTIVE,KEEP,active or retained for audit,,LOW
repository/optimization/FORMULA_REGISTRY.md,md,2162,repository,UNKNOWN,runtime_or_tooling,math_or_audit,none,,,,ACTIVE,KEEP,active or retained for audit,,LOW
repository/optimization/formulas.py,py,3509,repository,UNKNOWN,runtime_or_tooling,math_or_audit,none,repository/optimization/runtime.py,__future__|dataclasses,,ACTIVE,KEEP,active or retained for audit,,LOW
repository/optimization/harmony.py,py,2888,repository,UNKNOWN,runtime_or_tooling,general,none,repository/optimization/__init__.py|repository/optimization/runtime.py,.models|__future__,,ACTIVE,KEEP,active or retained for audit,,LOW
repository/optimization/interfaces.py,py,2804,repository,UNKNOWN,runtime_or_tooling,general,none,,.models|__future__|repository.objectives.models|typing,,ACTIVE,KEEP,active or retained for audit,,LOW
repository/optimization/models.py,py,4353,repository,UNKNOWN,runtime_or_tooling,general,none,repository/math_debugger/runtime.py|repository/optimization/__init__.py|repository/optimization/absorption.py|repository/optimization/calories.py|repository/optimization/candidate_generator.py|repository/optimization/conflict.py|repository/optimization/constraints.py|repository/optimization/coverage.py|repository/optimization/harmony.py|repository/optimization/interfaces.py|repository/optimization/optimizer.py|repository/optimization/runtime.py|repository/optimization/synergy.py|repository/optimization/trace.py|tests/optimization/test_optimization_runtime.py,__future__|dataclasses,,ACTIVE,KEEP,active or retained for audit,,LOW
repository/optimization/optimizer.py,py,1494,repository,UNKNOWN,runtime_or_tooling,general,none,repository/optimization/__init__.py|repository/optimization/runtime.py,.models|__future__,,ACTIVE,KEEP,active or retained for audit,,LOW
repository/optimization/runtime.py,py,14419,repository,UNKNOWN,runtime_or_tooling,general,none,repository/optimization/__init__.py|repository/warehouse_qa/runtime.py|tests/math_debugger/test_math_debugger_runtime.py,.absorption|.calories|.candidate_generator|.conflict|.constraints|.coverage|.formulas|.harmony|.models|.optimizer|.synergy|.trace|__future__|dataclasses|pathlib|repository.objectives.models|repository.warehouse|repository.warehouse.warehouse_interface|time|uuid,,ACTIVE,KEEP,active or retained for audit,,LOW
repository/optimization/synergy.py,py,2374,repository,UNKNOWN,runtime_or_tooling,general,none,repository/optimization/__init__.py|repository/optimization/runtime.py,.absorption|.models|__future__|repository.warehouse,,ACTIVE,KEEP,active or retained for audit,,LOW
repository/optimization/trace.py,py,1026,repository,UNKNOWN,runtime_or_tooling,general,none,repository/optimization/__init__.py|repository/optimization/runtime.py,.models|__future__,,ACTIVE,KEEP,active or retained for audit,,LOW
repository/pipeline/__init__.py,py,1387,repository,UNKNOWN,runtime_or_tooling,general,none,,.biological_runtime|.interfaces|.orchestrator,,ACTIVE,KEEP,active or retained for audit,,LOW
repository/pipeline/biological_runtime.py,py,29122,repository,UNKNOWN,runtime_or_tooling,general,none,repository/pipeline/__init__.py|tests/math_debugger/test_math_debugger_runtime.py|tests/math_debugger/test_mathematical_integrity.py|tests/pipeline/test_biological_runtime.py|tests/reasoning/test_reasoning_runtime.py,__future__|dataclasses|datetime|hashlib|re|repository.models.explainability|repository.models.runtime|repository.warehouse,,ACTIVE,KEEP,active or retained for audit,,LOW
repository/pipeline/interfaces.py,py,2393,repository,UNKNOWN,runtime_or_tooling,general,none,repository/pipeline/__init__.py|repository/pipeline/orchestrator.py,__future__|repository.models.explainability|repository.models.runtime|typing,,ACTIVE,KEEP,active or retained for audit,,LOW
repository/pipeline/orchestrator.py,py,5062,repository,UNKNOWN,runtime_or_tooling,general,none,repository/pipeline/__init__.py|tests/pipeline/test_pipeline_architecture.py,.interfaces|.stage_order|__future__|dataclasses|repository.models.runtime|repository.models.trace|time|uuid,,ACTIVE,KEEP,active or retained for audit,,LOW
repository/pipeline/README.md,md,1188,repository,UNKNOWN,runtime_or_tooling,general,none,,,,ACTIVE,KEEP,active or retained for audit,,LOW
repository/pipeline/stage_order.py,py,338,repository,UNKNOWN,runtime_or_tooling,general,none,repository/pipeline/orchestrator.py|tests/pipeline/test_pipeline_architecture.py,,,ACTIVE,KEEP,active or retained for audit,,LOW
repository/README.md,md,422,repository,UNKNOWN,runtime_or_tooling,general,none,,,,ACTIVE,KEEP,active or retained for audit,,LOW
repository/reasoning/__init__.py,py,764,repository,UNKNOWN,runtime_or_tooling,general,none,,.models|.runtime,,ACTIVE,CONSOLIDATE,parallel inference stack vs mathematics,repository/mathematics/,LOW
repository/reasoning/agreement/__init__.py,py,96,repository,UNKNOWN,runtime_or_tooling,general,none,repository/reasoning/runtime.py|tests/reasoning/test_reasoning_runtime.py,.engine,,ACTIVE,CONSOLIDATE,parallel inference stack vs mathematics,repository/mathematics/,LOW
repository/reasoning/agreement/engine.py,py,2854,repository,UNKNOWN,runtime_or_tooling,general,none,repository/reasoning/agreement/__init__.py,__future__|repository.reasoning.mathematics|repository.reasoning.models,,ACTIVE,CONSOLIDATE,parallel inference stack vs mathematics,repository/mathematics/,LOW
repository/reasoning/estimation/__init__.py,py,96,repository,UNKNOWN,runtime_or_tooling,general,none,repository/reasoning/runtime.py|tests/reasoning/test_reasoning_runtime.py,.engine,,ACTIVE,CONSOLIDATE,parallel inference stack vs mathematics,repository/mathematics/,LOW
repository/reasoning/estimation/engine.py,py,5985,repository,UNKNOWN,runtime_or_tooling,general,none,repository/reasoning/estimation/__init__.py,__future__|collections|repository.models.explainability|repository.models.runtime|repository.reasoning.mathematics|repository.reasoning.models,,ACTIVE,CONSOLIDATE,parallel inference stack vs mathematics,repository/mathematics/,LOW
repository/reasoning/explainability/__init__.py,py,83,repository,UNKNOWN,runtime_or_tooling,general,none,repository/reasoning/runtime.py,.builder,,ACTIVE,CONSOLIDATE,parallel inference stack vs mathematics,repository/mathematics/,LOW
repository/reasoning/explainability/builder.py,py,2435,repository,UNKNOWN,runtime_or_tooling,general,none,repository/reasoning/explainability/__init__.py,__future__|repository.models.explainability|repository.reasoning.models,,ACTIVE,CONSOLIDATE,parallel inference stack vs mathematics,repository/mathematics/,LOW
repository/reasoning/interfaces.py,py,1920,repository,UNKNOWN,runtime_or_tooling,general,none,repository/reasoning/runtime.py,.models|__future__|repository.models.runtime|typing,,ACTIVE,CONSOLIDATE,parallel inference stack vs mathematics,repository/mathematics/,LOW
repository/reasoning/mathematics/__init__.py,py,628,repository,O9,runtime_or_tooling,math_or_audit,none,repository/reasoning/agreement/engine.py|repository/reasoning/estimation/engine.py|repository/reasoning/observed/engine.py,.formulas,,ACTIVE,CONSOLIDATE,parallel inference stack vs mathematics,repository/mathematics/,LOW
repository/reasoning/mathematics/FORMULA_REGISTRY.md,md,1610,repository,O9,runtime_or_tooling,math_or_audit,none,,,,ACTIVE,CONSOLIDATE,parallel inference stack vs mathematics,repository/mathematics/,LOW
repository/reasoning/mathematics/formulas.py,py,4313,repository,O9,runtime_or_tooling,math_or_audit,none,repository/reasoning/mathematics/__init__.py,__future__|dataclasses,,ACTIVE,CONSOLIDATE,parallel inference stack vs mathematics,repository/mathematics/,LOW
repository/reasoning/mechanisms/__init__.py,py,88,repository,UNKNOWN,runtime_or_tooling,general,none,repository/reasoning/runtime.py,.mapper,,ACTIVE,CONSOLIDATE,parallel inference stack vs mathematics,repository/mathematics/,LOW
repository/reasoning/mechanisms/mapper.py,py,1147,repository,UNKNOWN,runtime_or_tooling,general,none,repository/reasoning/mechanisms/__init__.py,__future__|collections|dataclasses|repository.reasoning.models|repository.warehouse,,ACTIVE,CONSOLIDATE,parallel inference stack vs mathematics,repository/mathematics/,LOW
repository/reasoning/models.py,py,3908,repository,UNKNOWN,runtime_or_tooling,general,none,repository/math_debugger/replay.py|repository/math_debugger/runtime.py|repository/mathematics/interfaces.py|repository/mathematics/runtime.py|repository/mechanisms/interfaces.py|repository/mechanisms/runtime.py|repository/objectives/interfaces.py|repository/objectives/runtime.py|repository/reasoning/__init__.py|repository/reasoning/agreement/engine.py|repository/reasoning/estimation/engine.py|repository/reasoning/explainability/builder.py|repository/reasoning/interfaces.py|repository/reasoning/mechanisms/mapper.py|repository/reasoning/observed/engine.py|repository/reasoning/runtime.py|repository/reasoning/systems/aggregator.py|tests/mechanisms/test_mechanism_runtime.py|tests/objectives/test_objective_runtime.py,__future__|dataclasses|repository.models.explainability|repository.models.runtime,,ACTIVE,CONSOLIDATE,parallel inference stack vs mathematics,repository/mathematics/,LOW
repository/reasoning/observed/__init__.py,py,94,repository,UNKNOWN,runtime_or_tooling,general,none,repository/reasoning/runtime.py|tests/reasoning/test_reasoning_runtime.py,.engine,,ACTIVE,CONSOLIDATE,parallel inference stack vs mathematics,repository/mathematics/,LOW
repository/reasoning/observed/engine.py,py,2796,repository,UNKNOWN,runtime_or_tooling,general,none,repository/reasoning/observed/__init__.py,__future__|repository.models.explainability|repository.models.runtime|repository.reasoning.mathematics|repository.reasoning.models,,ACTIVE,CONSOLIDATE,parallel inference stack vs mathematics,repository/mathematics/,LOW
repository/reasoning/runtime.py,py,7968,repository,UNKNOWN,runtime_or_tooling,general,none,repository/reasoning/__init__.py|tests/reasoning/test_reasoning_runtime.py,__future__|dataclasses|repository.models.explainability|repository.models.runtime|repository.reasoning.agreement|repository.reasoning.estimation|repository.reasoning.explainability|repository.reasoning.interfaces|repository.reasoning.mechanisms|repository.reasoning.models|repository.reasoning.observed|repository.reasoning.systems|repository.warehouse|time|uuid,,ACTIVE,CONSOLIDATE,parallel inference stack vs mathematics,repository/mathematics/,LOW
repository/reasoning/systems/__init__.py,py,94,repository,UNKNOWN,runtime_or_tooling,general,none,repository/reasoning/runtime.py,.aggregator,,ACTIVE,CONSOLIDATE,parallel inference stack vs mathematics,repository/mathematics/,LOW
repository/reasoning/systems/aggregator.py,py,982,repository,UNKNOWN,runtime_or_tooling,general,none,repository/reasoning/systems/__init__.py,__future__|dataclasses|repository.reasoning.models|repository.warehouse,,ACTIVE,CONSOLIDATE,parallel inference stack vs mathematics,repository/mathematics/,LOW
repository/science_graph/__init__.py,py,1394,repository,UNKNOWN,runtime_or_tooling,general,none,tests/science_graph/test_science_graph_runtime.py,.builder|.explainability|.models|.runtime|.traversal|.validator,,ACTIVE,KEEP,active or retained for audit,,LOW
repository/science_graph/builder.py,py,13864,repository,UNKNOWN,runtime_or_tooling,general,none,repository/science_graph/__init__.py|repository/science_graph/runtime.py|repository/warehouse_qa/runtime.py,.models|__future__|pathlib|repository.warehouse|repository.warehouse.warehouse_interface,,ACTIVE,KEEP,active or retained for audit,,LOW
repository/science_graph/explainability.py,py,1481,repository,UNKNOWN,runtime_or_tooling,general,none,repository/science_graph/__init__.py|repository/science_graph/runtime.py,.models|__future__,,ACTIVE,KEEP,active or retained for audit,,LOW
repository/science_graph/FORMULA_REGISTRY.md,md,898,repository,UNKNOWN,runtime_or_tooling,math_or_audit,none,,,,ACTIVE,KEEP,active or retained for audit,,LOW
repository/science_graph/interfaces.py,py,1212,repository,UNKNOWN,runtime_or_tooling,general,none,,.models|__future__|typing,,ACTIVE,KEEP,active or retained for audit,,LOW
repository/science_graph/models.py,py,3343,repository,UNKNOWN,runtime_or_tooling,general,none,repository/science_graph/__init__.py|repository/science_graph/builder.py|repository/science_graph/explainability.py|repository/science_graph/interfaces.py|repository/science_graph/runtime.py|repository/science_graph/traversal.py|repository/science_graph/validator.py,__future__|dataclasses,,ACTIVE,KEEP,active or retained for audit,,LOW
repository/science_graph/runtime.py,py,2687,repository,UNKNOWN,runtime_or_tooling,general,none,repository/science_graph/__init__.py,.builder|.explainability|.models|.traversal|.validator|__future__|dataclasses|repository.warehouse|time|uuid,,ACTIVE,KEEP,active or retained for audit,,LOW
repository/science_graph/traversal.py,py,3659,repository,UNKNOWN,runtime_or_tooling,general,none,repository/science_graph/__init__.py|repository/science_graph/runtime.py,.models|__future__|collections,,ACTIVE,KEEP,active or retained for audit,,LOW
repository/science_graph/validator.py,py,9449,repository,UNKNOWN,runtime_or_tooling,general,none,repository/science_graph/__init__.py|repository/science_graph/runtime.py,.models|__future__|re,,ACTIVE,KEEP,active or retained for audit,,LOW
repository/scripts/README.md,md,186,repository,UNKNOWN,runtime_or_tooling,general,none,,,,ACTIVE,KEEP,active or retained for audit,,LOW
repository/sources/__init__.py,py,527,repository,UNKNOWN,runtime_or_tooling,general,none,,.interfaces|.runtime,,ACTIVE,KEEP,active or retained for audit,,LOW
repository/sources/interfaces.py,py,927,repository,UNKNOWN,runtime_or_tooling,general,none,repository/objectives/runtime.py|repository/sources/__init__.py,__future__|repository.mechanisms.models|repository.objectives.models|typing,,ACTIVE,KEEP,active or retained for audit,,LOW
repository/sources/runtime.py,py,9476,repository,UNKNOWN,runtime_or_tooling,general,none,repository/objectives/runtime.py|repository/sources/__init__.py,__future__|repository.mechanisms.models|repository.objectives.formulas|repository.objectives.models|repository.warehouse,,ACTIVE,KEEP,active or retained for audit,,LOW
repository/tests/README.md,md,197,repository,UNKNOWN,runtime_or_tooling,general,none,,,,ACTIVE,KEEP,active or retained for audit,,LOW
repository/validation/__init__.py,py,135,repository,UNKNOWN,runtime_or_tooling,general,none,,.runtime,,ACTIVE,KEEP,active or retained for audit,,LOW
repository/validation/runtime.py,py,407,repository,UNKNOWN,runtime_or_tooling,general,none,repository/validation/__init__.py,__future__|pandas|pathlib,,ACTIVE,KEEP,active or retained for audit,,LOW
repository/warehouse/__init__.py,py,228,repository,UNKNOWN,runtime_or_tooling,general,warehouse_consumer,repository/benchmarks/runner.py|repository/formulas/loader.py|repository/formulas/runtime.py|repository/mechanisms/runtime.py|repository/objectives/runtime.py|repository/optimization/absorption.py|repository/optimization/calories.py|repository/optimization/candidate_generator.py|repository/optimization/conflict.py|repository/optimization/constraints.py|repository/optimization/coverage.py|repository/optimization/runtime.py|repository/optimization/synergy.py|repository/pipeline/biological_runtime.py|repository/reasoning/mechanisms/mapper.py|repository/reasoning/runtime.py|repository/reasoning/systems/aggregator.py|repository/science_graph/builder.py|repository/science_graph/runtime.py|repository/sources/runtime.py|repository/warehouse_qa/runtime.py|scripts/validate_warehouse.py|tests/benchmarks/test_benchmark_runner.py|tests/formulas/test_formula_runtime.py|tests/math_debugger/test_math_debugger_runtime.py,.warehouse_interface,,ACTIVE,KEEP,active or retained for audit,,LOW
repository/warehouse/commercial/README.md,md,224,repository,UNKNOWN,runtime_or_tooling,general,warehouse_consumer,,,,ACTIVE,KEEP,active or retained for audit,,LOW
repository/warehouse/reference/README.md,md,183,repository,UNKNOWN,runtime_or_tooling,general,warehouse_consumer,,,,ACTIVE,KEEP,active or retained for audit,,LOW
repository/warehouse/science/README.md,md,259,repository,UNKNOWN,runtime_or_tooling,general,warehouse_consumer,,,,ACTIVE,KEEP,active or retained for audit,,LOW
repository/warehouse/warehouse_interface.py,py,16178,repository,UNKNOWN,runtime_or_tooling,general,warehouse_consumer,repository/formulas/loader.py|repository/optimization/runtime.py|repository/science_graph/builder.py|repository/warehouse/__init__.py|repository/warehouse_qa/runtime.py,__future__|config|dataclasses|pandas|pathlib|typing,,ACTIVE,KEEP,active or retained for audit,,LOW
repository/warehouse_qa/__init__.py,py,1465,repository,UNKNOWN,runtime_or_tooling,general,warehouse_consumer,tests/warehouse_qa/test_warehouse_qa_runtime.py,.citations|.consistency|.coverage|.dashboard|.duplicates|.foreign_keys|.models|.ontology|.reports|.runtime|.units|.validator,,ACTIVE,KEEP,active or retained for audit,,LOW
repository/warehouse_qa/citations.py,py,3734,repository,UNKNOWN,runtime_or_tooling,general,warehouse_consumer,repository/warehouse_qa/__init__.py|repository/warehouse_qa/runtime.py,.models|__future__|pandas,,ACTIVE,KEEP,active or retained for audit,,LOW
repository/warehouse_qa/consistency.py,py,3722,repository,UNKNOWN,runtime_or_tooling,general,warehouse_consumer,repository/warehouse_qa/__init__.py|repository/warehouse_qa/runtime.py,.models|__future__|pandas,,ACTIVE,KEEP,active or retained for audit,,LOW
repository/warehouse_qa/coverage.py,py,4956,repository,UNKNOWN,runtime_or_tooling,general,warehouse_consumer,repository/warehouse_qa/__init__.py|repository/warehouse_qa/runtime.py,.models|__future__|pandas,,ACTIVE,KEEP,active or retained for audit,,LOW
repository/warehouse_qa/dashboard.py,py,2825,repository,UNKNOWN,runtime_or_tooling,general,warehouse_consumer,repository/warehouse_qa/__init__.py|repository/warehouse_qa/runtime.py,.models|__future__|datetime,,ACTIVE,KEEP,active or retained for audit,,LOW
repository/warehouse_qa/duplicates.py,py,3148,repository,UNKNOWN,runtime_or_tooling,general,warehouse_consumer,repository/warehouse_qa/__init__.py|repository/warehouse_qa/runtime.py,.models|__future__|pandas,,ACTIVE,KEEP,active or retained for audit,,LOW
repository/warehouse_qa/foreign_keys.py,py,3067,repository,UNKNOWN,runtime_or_tooling,general,warehouse_consumer,repository/warehouse_qa/__init__.py|repository/warehouse_qa/runtime.py,.models|__future__|pandas,,ACTIVE,KEEP,active or retained for audit,,LOW
repository/warehouse_qa/FORMULA_REGISTRY.md,md,908,repository,UNKNOWN,runtime_or_tooling,math_or_audit,warehouse_consumer,,,,ACTIVE,KEEP,active or retained for audit,,LOW
repository/warehouse_qa/interfaces.py,py,2151,repository,UNKNOWN,runtime_or_tooling,general,warehouse_consumer,,.models|__future__|pandas|typing,,ACTIVE,KEEP,active or retained for audit,,LOW
repository/warehouse_qa/models.py,py,2547,repository,UNKNOWN,runtime_or_tooling,general,warehouse_consumer,repository/warehouse_qa/__init__.py|repository/warehouse_qa/citations.py|repository/warehouse_qa/consistency.py|repository/warehouse_qa/coverage.py|repository/warehouse_qa/dashboard.py|repository/warehouse_qa/duplicates.py|repository/warehouse_qa/foreign_keys.py|repository/warehouse_qa/interfaces.py|repository/warehouse_qa/ontology.py|repository/warehouse_qa/reports.py|repository/warehouse_qa/runtime.py|repository/warehouse_qa/units.py|repository/warehouse_qa/validator.py,__future__|dataclasses,,ACTIVE,KEEP,active or retained for audit,,LOW
repository/warehouse_qa/ontology.py,py,3340,repository,UNKNOWN,runtime_or_tooling,general,warehouse_consumer,repository/warehouse_qa/__init__.py|repository/warehouse_qa/runtime.py,.models|__future__|pandas,,ACTIVE,KEEP,active or retained for audit,,LOW
repository/warehouse_qa/reports.py,py,3285,repository,UNKNOWN,runtime_or_tooling,general,warehouse_consumer,repository/warehouse_qa/__init__.py|repository/warehouse_qa/runtime.py,.models|__future__,,ACTIVE,KEEP,active or retained for audit,,LOW
repository/warehouse_qa/runtime.py,py,3043,repository,UNKNOWN,runtime_or_tooling,general,warehouse_consumer,repository/warehouse_qa/__init__.py,.citations|.consistency|.coverage|.dashboard|.duplicates|.foreign_keys|.models|.ontology|.reports|.units|.validator|__future__|dataclasses|pandas|repository.optimization.runtime|repository.science_graph.builder|repository.warehouse|repository.warehouse.warehouse_interface,,ACTIVE,KEEP,active or retained for audit,,LOW
repository/warehouse_qa/units.py,py,3409,repository,UNKNOWN,runtime_or_tooling,general,warehouse_consumer,repository/warehouse_qa/__init__.py|repository/warehouse_qa/runtime.py,.models|__future__|pandas,,ACTIVE,KEEP,active or retained for audit,,LOW
repository/warehouse_qa/validator.py,py,4855,repository,UNKNOWN,runtime_or_tooling,general,warehouse_consumer,repository/warehouse_qa/__init__.py|repository/warehouse_qa/runtime.py,.models|__future__|pandas|re,,ACTIVE,KEEP,active or retained for audit,,LOW
requirements.txt,txt,54,.,UNKNOWN,runtime_or_tooling,general,none,,,,UNKNOWN,REVIEW,requires owner validation,,LOW
run_demo.ps1,ps1,648,.,UNKNOWN,runtime_or_tooling,general,none,,,,UNKNOWN,REVIEW,requires owner validation,,LOW
run_demo.sh,sh,478,.,UNKNOWN,runtime_or_tooling,general,none,,,,UNKNOWN,REVIEW,requires owner validation,,LOW
SCIENTIFIC_DISCOVERY_REPORT.md,md,33201,.,UNKNOWN,runtime_or_tooling,general,none,,,,UNKNOWN,REVIEW,requires owner validation,,LOW
scripts/validate_warehouse.py,py,918,scripts,UNKNOWN,runtime_or_tooling,general,warehouse_consumer,,__future__|config|pathlib|repository.warehouse|sys,,ACTIVE,KEEP,active or retained for audit,,LOW
tests/api/test_api_architecture_placeholder.py,py,118,tests,UNKNOWN,test,general,none,,,,ACTIVE,KEEP,active or retained for audit,,LOW
tests/benchmarks/test_benchmark_runner.py,py,661,tests,UNKNOWN,test,general,none,,__future__|repository.benchmarks.runner|repository.warehouse,,ACTIVE,KEEP,active or retained for audit,,LOW
tests/engine/test_engine_layer_boundaries.py,py,458,tests,UNKNOWN,test,general,none,,__future__|repository.engine.biology.service|repository.engine.epidemiology.service|repository.engine.estimation.service,,ACTIVE,KEEP,active or retained for audit,,LOW
tests/formulas/test_formula_runtime.py,py,1559,tests,UNKNOWN,test,math_or_audit,none,,__future__|repository.formulas.loader|repository.formulas.registry|repository.formulas.resolver|repository.formulas.runtime|repository.formulas.validator|repository.warehouse,,ACTIVE,KEEP,active or retained for audit,,LOW
tests/golden/border_collie.json,json,90824,tests,UNKNOWN,test,general,none,,,,ACTIVE,KEEP,active or retained for audit,,LOW
tests/golden/chihuahua.json,json,90606,tests,UNKNOWN,test,general,none,,,,ACTIVE,KEEP,active or retained for audit,,LOW
tests/golden/dolly.json,json,289927,tests,UNKNOWN,test,general,none,,,,ACTIVE,KEEP,active or retained for audit,,LOW
tests/golden/french_bulldog.json,json,138780,tests,UNKNOWN,test,general,none,,,,ACTIVE,KEEP,active or retained for audit,,LOW
tests/golden/german_shepherd.json,json,137028,tests,UNKNOWN,test,general,none,,,,ACTIVE,KEEP,active or retained for audit,,LOW
tests/golden/great_pyrenees.json,json,90743,tests,UNKNOWN,test,general,none,,,,ACTIVE,KEEP,active or retained for audit,,LOW
tests/golden/mixed_chow.json,json,315156,tests,UNKNOWN,test,general,none,,,,ACTIVE,KEEP,active or retained for audit,,LOW
tests/golden/overweight_labrador.json,json,152745,tests,UNKNOWN,test,general,none,,,,ACTIVE,KEEP,active or retained for audit,,LOW
tests/golden/puppy_golden.json,json,157153,tests,UNKNOWN,test,general,none,,,,ACTIVE,KEEP,active or retained for audit,,LOW
tests/golden/README.md,md,445,tests,UNKNOWN,test,general,none,,,,ACTIVE,KEEP,active or retained for audit,,LOW
tests/golden/senior_labrador.json,json,152719,tests,UNKNOWN,test,general,none,,,,ACTIVE,KEEP,active or retained for audit,,LOW
tests/golden/suite_summary.json,json,5823,tests,UNKNOWN,test,general,none,,,,ACTIVE,KEEP,active or retained for audit,,LOW
tests/math_debugger/test_math_debugger_runtime.py,py,6386,tests,O9,test,math_or_audit,none,,__future__|pathlib|repository.math_debugger|repository.mathematics.runtime|repository.models.runtime|repository.objectives.models|repository.optimization.runtime|repository.pipeline.biological_runtime|repository.warehouse,,ACTIVE,KEEP,active or retained for audit,,LOW
tests/math_debugger/test_mathematical_integrity.py,py,6570,tests,O9,test,math_or_audit,none,,__future__|pathlib|repository.math_debugger|repository.math_debugger.independent_replay|repository.math_debugger.numerical_inventory|repository.math_debugger.sensitivity|repository.mathematics.agreement|repository.mathematics.bayesian|repository.mathematics.models|repository.models.runtime|repository.pipeline.biological_runtime|repository.warehouse,,ACTIVE,KEEP,active or retained for audit,,LOW
tests/mathematics/test_mathematics_runtime.py,py,4521,tests,O9,test,math_or_audit,none,,__future__|copy|repository.mathematics.formulas|repository.mathematics.runtime|repository.models.runtime,,ACTIVE,KEEP,active or retained for audit,,LOW
tests/mathematics/test_methodology_audit.py,py,4745,tests,O9,test,math_or_audit,none,,__future__|csv|hashlib|json|pathlib|repository.formulas.loader|repository.mathematics.runtime|repository.models.runtime|repository.warehouse,,ACTIVE,KEEP,active or retained for audit,,LOW
tests/mechanisms/test_mechanism_runtime.py,py,3102,tests,UNKNOWN,test,general,none,,__future__|repository.mechanisms|repository.models.explainability|repository.reasoning.models|repository.warehouse,,ACTIVE,KEEP,active or retained for audit,,LOW
tests/objectives/test_objective_runtime.py,py,3158,tests,UNKNOWN,test,general,none,,__future__|repository.models.explainability|repository.objectives|repository.reasoning.models|repository.warehouse,,ACTIVE,KEEP,active or retained for audit,,LOW
tests/optimization/test_optimization_runtime.py,py,7240,tests,UNKNOWN,test,general,none,,__future__|repository.objectives.models|repository.optimization|repository.optimization.models|repository.warehouse,,ACTIVE,KEEP,active or retained for audit,,LOW
tests/parity/border_collie/golden_response.json,json,90824,tests,UNKNOWN,test,general,none,,,,ACTIVE,KEEP,active or retained for audit,,LOW
tests/parity/border_collie/parity_diff.json,json,384,tests,UNKNOWN,test,general,none,,,,ACTIVE,KEEP,active or retained for audit,,LOW
tests/parity/border_collie/py_response.json,json,90824,tests,UNKNOWN,test,general,none,,,,ACTIVE,KEEP,active or retained for audit,,LOW
tests/parity/chihuahua/golden_response.json,json,90606,tests,UNKNOWN,test,general,none,,,,ACTIVE,KEEP,active or retained for audit,,LOW
tests/parity/chihuahua/parity_diff.json,json,376,tests,UNKNOWN,test,general,none,,,,ACTIVE,KEEP,active or retained for audit,,LOW
tests/parity/chihuahua/py_response.json,json,90606,tests,UNKNOWN,test,general,none,,,,ACTIVE,KEEP,active or retained for audit,,LOW
tests/parity/dolly_golden_x_labrador/golden_response.json,json,289927,tests,UNKNOWN,test,general,none,,,,ACTIVE,KEEP,active or retained for audit,,LOW
tests/parity/dolly_golden_x_labrador/parity_diff.json,json,386,tests,UNKNOWN,test,general,none,,,,ACTIVE,KEEP,active or retained for audit,,LOW
tests/parity/dolly_golden_x_labrador/py_response.json,json,289927,tests,UNKNOWN,test,general,none,,,,ACTIVE,KEEP,active or retained for audit,,LOW
tests/parity/french_bulldog/golden_response.json,json,138780,tests,UNKNOWN,test,general,none,,,,ACTIVE,KEEP,active or retained for audit,,LOW
tests/parity/french_bulldog/parity_diff.json,json,386,tests,UNKNOWN,test,general,none,,,,ACTIVE,KEEP,active or retained for audit,,LOW
tests/parity/french_bulldog/py_response.json,json,138780,tests,UNKNOWN,test,general,none,,,,ACTIVE,KEEP,active or retained for audit,,LOW
tests/parity/german_shepherd_dog/golden_response.json,json,137028,tests,UNKNOWN,test,general,none,,,,ACTIVE,KEEP,active or retained for audit,,LOW
tests/parity/german_shepherd_dog/parity_diff.json,json,392,tests,UNKNOWN,test,general,none,,,,ACTIVE,KEEP,active or retained for audit,,LOW
tests/parity/german_shepherd_dog/py_response.json,json,137028,tests,UNKNOWN,test,general,none,,,,ACTIVE,KEEP,active or retained for audit,,LOW
tests/parity/great_pyrenees_giant/golden_response.json,json,90743,tests,UNKNOWN,test,general,none,,,,ACTIVE,KEEP,active or retained for audit,,LOW
tests/parity/great_pyrenees_giant/parity_diff.json,json,392,tests,UNKNOWN,test,general,none,,,,ACTIVE,KEEP,active or retained for audit,,LOW
tests/parity/great_pyrenees_giant/py_response.json,json,90743,tests,UNKNOWN,test,general,none,,,,ACTIVE,KEEP,active or retained for audit,,LOW
tests/parity/mixed_chow_x_rural/golden_response.json,json,315156,tests,UNKNOWN,test,general,none,,,,ACTIVE,KEEP,active or retained for audit,,LOW
tests/parity/mixed_chow_x_rural/parity_diff.json,json,387,tests,UNKNOWN,test,general,none,,,,ACTIVE,KEEP,active or retained for audit,,LOW
tests/parity/mixed_chow_x_rural/py_response.json,json,315156,tests,UNKNOWN,test,general,none,,,,ACTIVE,KEEP,active or retained for audit,,LOW
tests/parity/overweight_labrador/golden_response.json,json,152745,tests,UNKNOWN,test,general,none,,,,ACTIVE,KEEP,active or retained for audit,,LOW
tests/parity/overweight_labrador/parity_diff.json,json,396,tests,UNKNOWN,test,general,none,,,,ACTIVE,KEEP,active or retained for audit,,LOW
tests/parity/overweight_labrador/py_response.json,json,152745,tests,UNKNOWN,test,general,none,,,,ACTIVE,KEEP,active or retained for audit,,LOW
tests/parity/puppy_golden/golden_response.json,json,157153,tests,UNKNOWN,test,general,none,,,,ACTIVE,KEEP,active or retained for audit,,LOW
tests/parity/puppy_golden/parity_diff.json,json,382,tests,UNKNOWN,test,general,none,,,,ACTIVE,KEEP,active or retained for audit,,LOW
tests/parity/puppy_golden/py_response.json,json,157153,tests,UNKNOWN,test,general,none,,,,ACTIVE,KEEP,active or retained for audit,,LOW
tests/parity/senior_labrador/golden_response.json,json,152719,tests,UNKNOWN,test,general,none,,,,ACTIVE,KEEP,active or retained for audit,,LOW
tests/parity/senior_labrador/parity_diff.json,json,388,tests,UNKNOWN,test,general,none,,,,ACTIVE,KEEP,active or retained for audit,,LOW
tests/parity/senior_labrador/py_response.json,json,152719,tests,UNKNOWN,test,general,none,,,,ACTIVE,KEEP,active or retained for audit,,LOW
tests/parity/summary.json,json,5823,tests,UNKNOWN,test,general,none,,,,ACTIVE,KEEP,active or retained for audit,,LOW
tests/parity/summary_run_1.json,json,5391,tests,UNKNOWN,test,general,none,,,,ACTIVE,KEEP,active or retained for audit,,LOW
tests/parity/summary_run_2.json,json,3137,tests,UNKNOWN,test,general,none,,,,ACTIVE,KEEP,active or retained for audit,,LOW
tests/parity/summary_run_3.json,json,3139,tests,UNKNOWN,test,general,none,,,,ACTIVE,KEEP,active or retained for audit,,LOW
tests/pipeline/test_biological_runtime.py,py,5002,tests,UNKNOWN,test,general,none,,__future__|repository.models.runtime|repository.pipeline.biological_runtime|repository.warehouse,,ACTIVE,KEEP,active or retained for audit,,LOW
tests/pipeline/test_pipeline_architecture.py,py,9093,tests,UNKNOWN,test,general,none,,__future__|ast|dataclasses|pathlib|repository.models|repository.pipeline.orchestrator|repository.pipeline.stage_order,,ACTIVE,KEEP,active or retained for audit,,LOW
tests/reasoning/test_reasoning_runtime.py,py,3914,tests,UNKNOWN,test,general,none,,__future__|repository.models.runtime|repository.pipeline.biological_runtime|repository.reasoning.agreement|repository.reasoning.estimation|repository.reasoning.observed|repository.reasoning.runtime|repository.warehouse,,ACTIVE,KEEP,active or retained for audit,,LOW
tests/science_graph/test_science_graph_runtime.py,py,3187,tests,UNKNOWN,test,general,none,,__future__|repository.science_graph|repository.warehouse,,ACTIVE,KEEP,active or retained for audit,,LOW
tests/test_agent_pipeline.py,py,4663,tests,UNKNOWN,test,general,none,,app.agent.engine|app.agent.state|app.core.paths|app.main|httpx|pytest,,ACTIVE,KEEP,active or retained for audit,,LOW
tests/test_clinical_assessment.py,py,3369,tests,UNKNOWN,test,general,none,,app.agent.engine|app.agent.state|app.agent.utils|app.core.paths|app.data.clinical_assessment|asyncio|pytest,,ACTIVE,KEEP,active or retained for audit,,LOW
tests/test_clinical_report.py,py,2188,tests,UNKNOWN,test,general,none,,app.agent.engine|app.agent.state|app.agent.utils|app.core.paths|app.data.clinical_report_builder|asyncio|pytest,,ACTIVE,KEEP,active or retained for audit,,LOW
tests/test_engine_trace.py,py,2599,tests,UNKNOWN,test,general,none,,app.agent.engine|app.agent.state|app.agent.utils|app.core.paths|app.data.clinical_assessment|app.debug.clinical_execution_debug|asyncio|os|pytest,,ACTIVE,KEEP,active or retained for audit,,LOW
tests/test_formula_graph.py,py,3432,tests,UNKNOWN,test,math_or_audit,none,,__future__|app.agent.assessment_agent|app.agent.engine|app.agent.formula_graph|app.agent.formula_registry|app.agent.nodes|app.agent.state|app.agent.utils|app.core.paths|app.data.warehouse.parity|asyncio|pytest,,ACTIVE,KEEP,active or retained for audit,,LOW
tests/test_inference_layer.py,py,2741,tests,UNKNOWN,test,general,none,,app.core.paths|app.data.runtime|app.inference.confidence|app.inference.config|app.inference.ingredient|app.inference.nutrition|app.inference.risk|app.inference.score,,ACTIVE,KEEP,active or retained for audit,,LOW
tests/test_inference_parity.py,py,2745,tests,UNKNOWN,test,general,none,,app.agent.engine|app.agent.state|app.core.paths|app.inference.config|asyncio|json|pytest,,ACTIVE,KEEP,active or retained for audit,,LOW
tests/test_package_optimizer.py,py,2484,tests,UNKNOWN,test,general,none,,app.agent.engine|app.agent.package_optimizer|app.agent.state|app.agent.utils|app.core.paths|app.data.report_models|asyncio|pytest,,ACTIVE,KEEP,active or retained for audit,,LOW
tests/test_phase6_authoring.py,py,3682,tests,UNKNOWN,test,general,none,,__future__|app.agent.engine|app.agent.state|app.api.main|app.core.paths|app.data.repository|app.data.warehouse.parity|authoring.builder|authoring.models|authoring.portal|curation.conflict_resolution|curation.duplicate_detection|curation.evidence_ranking|fastapi.testclient|ontology|pathlib|pytest,,ACTIVE,KEEP,active or retained for audit,,LOW
tests/test_science_graph.py,py,4696,tests,UNKNOWN,test,general,none,,__future__|app.agent.engine|app.agent.state|app.core.paths|app.data.repository|app.data.warehouse.parity|app.science.audit|app.science.builder|app.science.confidence|app.science.coverage|app.science.diff_engine|app.science.explanations|app.science.repository|app.science.validator|app.science.versioning|asyncio|pytest,,ACTIVE,KEEP,active or retained for audit,,LOW
tests/test_standard_report.py,py,3357,tests,UNKNOWN,test,general,none,,app.agent.engine|app.agent.state|app.agent.utils|app.core.paths|app.data.report_generator|app.data.report_schema|asyncio|pytest,,ACTIVE,KEEP,active or retained for audit,,LOW
tests/test_ui_templates.py,py,3541,tests,UNKNOWN,test,general,none,,app.agent.engine|app.agent.state|app.agent.utils|app.core.paths|app.ui.renderer.diary|app.ui.renderer.formatters|app.ui.renderer.home|app.ui.renderer.journey|app.ui.renderer.navigation|app.ui.renderer.template_engine|app.ui.renderer.wellness|asyncio|dataclasses|pytest,,ACTIVE,KEEP,active or retained for audit,,LOW
tests/test_validation_console.py,py,5433,tests,UNKNOWN,test,general,none,,app.agent.engine|app.agent.state|app.agent.utils|app.core.paths|app.data.clinical_assessment|app.debug.clinical_execution_debug|app.inference.formula_registry|asyncio|pytest,,ACTIVE,KEEP,active or retained for audit,,LOW
tests/test_validation_console_live.py,py,4977,tests,UNKNOWN,test,general,none,,app.agent.engine|app.agent.state|app.agent.utils|app.api|app.core.paths|app.data.clinical_assessment|app.debug.clinical_execution_debug|asyncio|fastapi.testclient|pytest,,ACTIVE,KEEP,active or retained for audit,,LOW
tests/test_warehouse_parity.py,py,5384,tests,UNKNOWN,test,general,warehouse_consumer,,__future__|app.agent.engine|app.agent.state|app.core.paths|app.data.repository|app.data.warehouse.ingredients|app.data.warehouse.parameters|app.data.warehouse.parity|app.data.warehouse.units|asyncio|itertools|os|pytest|typing|warehouse.repository.scientific,,ACTIVE,KEEP,active or retained for audit,,LOW
tests/warehouse/test_warehouse_interface.py,py,527,tests,UNKNOWN,test,general,warehouse_consumer,,__future__|repository.warehouse,,ACTIVE,KEEP,active or retained for audit,,LOW
tests/warehouse_qa/test_warehouse_qa_runtime.py,py,10990,tests,UNKNOWN,test,general,warehouse_consumer,,__future__|pandas|repository.warehouse|repository.warehouse_qa,,ACTIVE,KEEP,active or retained for audit,,LOW
warehouse/benchmarks/golden_retriever.json,json,1913,warehouse,UNKNOWN,scientific_data,fact_source,dataset,,,,ACTIVE,KEEP,active or retained for audit,,LOW
warehouse/benchmarks/husky.json,json,1176,warehouse,UNKNOWN,scientific_data,fact_source,dataset,,,,ACTIVE,KEEP,active or retained for audit,,LOW
warehouse/benchmarks/mixed_lab_golden.json,json,1984,warehouse,UNKNOWN,scientific_data,fact_source,dataset,,,,ACTIVE,KEEP,active or retained for audit,,LOW
warehouse/biology/breed_traits.csv,csv,175,warehouse,UNKNOWN,scientific_data,fact_source,dataset,,,,ACTIVE,KEEP,active or retained for audit,,LOW
warehouse/biology/breeds.csv,csv,768,warehouse,UNKNOWN,scientific_data,fact_source,dataset,,,,ACTIVE,KEEP,active or retained for audit,,LOW
warehouse/biology/conditions.csv,csv,2580,warehouse,UNKNOWN,scientific_data,fact_source,dataset,,,,ACTIVE,KEEP,active or retained for audit,,LOW
warehouse/biology/environment_facts.csv,csv,4444,warehouse,UNKNOWN,scientific_data,fact_source,dataset,,,,ACTIVE,KEEP,active or retained for audit,,LOW
warehouse/biology/life_stage_health_NEEDS_VALIDATION.csv,csv,2249,warehouse,UNKNOWN,scientific_data,fact_source,dataset,,,,ACTIVE,KEEP,active or retained for audit,,LOW
warehouse/biology/mixed_breed_NEEDS_VALIDATION.csv,csv,2474,warehouse,UNKNOWN,scientific_data,fact_source,dataset,,,,ACTIVE,KEEP,active or retained for audit,,LOW
warehouse/biology/observed_breed_conditions.csv,csv,5926,warehouse,UNKNOWN,scientific_data,fact_source,dataset,,,,ACTIVE,KEEP,active or retained for audit,,LOW
warehouse/biology/size_risk_NEEDS_VALIDATION.csv,csv,844,warehouse,UNKNOWN,scientific_data,fact_source,dataset,,,,ACTIVE,KEEP,active or retained for audit,,LOW
warehouse/biology/trait_condition_associations.csv,csv,30962,warehouse,UNKNOWN,scientific_data,fact_source,dataset,,,,ACTIVE,KEEP,active or retained for audit,,LOW
warehouse/CANONICAL_MANIFEST.json,json,286,warehouse,UNKNOWN,scientific_data,fact_source,dataset,,,,ACTIVE,KEEP,active or retained for audit,,LOW
warehouse/commercial/product_declared_nutrition.csv,csv,288,warehouse,UNKNOWN,scientific_data,fact_source,dataset,,,,ACTIVE,KEEP,active or retained for audit,,LOW
warehouse/commercial/product_feeding_guide.csv,csv,306,warehouse,UNKNOWN,scientific_data,fact_source,dataset,,,,ACTIVE,KEEP,active or retained for audit,,LOW
warehouse/commercial/product_functions_NEEDS_VALIDATION.csv,csv,163,warehouse,UNKNOWN,scientific_data,fact_source,dataset,,,,ACTIVE,KEEP,active or retained for audit,,LOW
warehouse/commercial/product_master.csv,csv,248,warehouse,UNKNOWN,scientific_data,fact_source,dataset,,,,ACTIVE,KEEP,active or retained for audit,,LOW
warehouse/commercial/product_pricing_NEEDS_VALIDATION.csv,csv,169,warehouse,UNKNOWN,scientific_data,fact_source,dataset,,,,ACTIVE,KEEP,active or retained for audit,,LOW
warehouse/commercial/product_recipe.csv,csv,306,warehouse,UNKNOWN,scientific_data,fact_source,dataset,,,,ACTIVE,KEEP,active or retained for audit,,LOW
warehouse/commercial/product_recipe_NEEDS_VALIDATION.csv,csv,161,warehouse,UNKNOWN,scientific_data,fact_source,dataset,,,,ACTIVE,KEEP,active or retained for audit,,LOW
warehouse/current/README.md,md,1633,warehouse,UNKNOWN,scientific_data,fact_source,dataset,,,,ACTIVE,KEEP,active or retained for audit,,LOW
warehouse/current/release.json,json,137,warehouse,UNKNOWN,scientific_data,fact_source,dataset,,,,ACTIVE,KEEP,active or retained for audit,,LOW
warehouse/DOMAIN_REGISTRY.json,json,2571,warehouse,UNKNOWN,scientific_data,fact_source,dataset,,,,ACTIVE,KEEP,active or retained for audit,,LOW
warehouse/formulas/benchmarks.csv,csv,469,warehouse,UNKNOWN,scientific_data,fact_source,dataset,,,,ACTIVE,KEEP,active or retained for audit,,LOW
warehouse/formulas/coefficients.csv,csv,2234,warehouse,UNKNOWN,scientific_data,fact_source,dataset,,,,ACTIVE,KEEP,active or retained for audit,,LOW
warehouse/formulas/formula_versions.csv,csv,866,warehouse,UNKNOWN,scientific_data,fact_source,dataset,,,,ACTIVE,KEEP,active or retained for audit,,LOW
warehouse/formulas/formulas.csv,csv,774,warehouse,UNKNOWN,scientific_data,fact_source,dataset,,,,ACTIVE,KEEP,active or retained for audit,,LOW
warehouse/formulas/parameter_sets.csv,csv,687,warehouse,UNKNOWN,scientific_data,fact_source,dataset,,,,ACTIVE,KEEP,active or retained for audit,,LOW
warehouse/formulas/parameters.csv,csv,1163,warehouse,UNKNOWN,scientific_data,fact_source,dataset,,,,ACTIVE,KEEP,active or retained for audit,,LOW
warehouse/formulas/validation_sets.csv,csv,188,warehouse,UNKNOWN,scientific_data,fact_source,dataset,,,,ACTIVE,KEEP,active or retained for audit,,LOW
warehouse/manifest.yaml,yaml,73,warehouse,UNKNOWN,scientific_data,fact_source,dataset,,,,ACTIVE,KEEP,active or retained for audit,,LOW
warehouse/mechanisms/absorption_factors.csv,csv,899,warehouse,UNKNOWN,scientific_data,fact_source,dataset,,,,ACTIVE,KEEP,active or retained for audit,,LOW
warehouse/mechanisms/condition_mechanisms.csv,csv,2142,warehouse,UNKNOWN,scientific_data,fact_source,dataset,,,,ACTIVE,KEEP,active or retained for audit,,LOW
warehouse/mechanisms/dose_response.csv,csv,2651,warehouse,UNKNOWN,scientific_data,fact_source,dataset,,,,ACTIVE,KEEP,active or retained for audit,,LOW
warehouse/mechanisms/food_mechanisms.csv,csv,965,warehouse,UNKNOWN,scientific_data,fact_source,dataset,,,,ACTIVE,KEEP,active or retained for audit,,LOW
warehouse/mechanisms/ingredient_mechanisms.csv,csv,2217,warehouse,UNKNOWN,scientific_data,fact_source,dataset,,,,ACTIVE,KEEP,active or retained for audit,,LOW
warehouse/mechanisms/mechanism_conflicts.csv,csv,636,warehouse,UNKNOWN,scientific_data,fact_source,dataset,,,,ACTIVE,KEEP,active or retained for audit,,LOW
warehouse/mechanisms/mechanism_interactions.csv,csv,1033,warehouse,UNKNOWN,scientific_data,fact_source,dataset,,,,ACTIVE,KEEP,active or retained for audit,,LOW
warehouse/mechanisms/mechanism_synergies.csv,csv,683,warehouse,UNKNOWN,scientific_data,fact_source,dataset,,,,ACTIVE,KEEP,active or retained for audit,,LOW
warehouse/mechanisms/mechanisms.csv,csv,2487,warehouse,UNKNOWN,scientific_data,fact_source,dataset,,,,ACTIVE,KEEP,active or retained for audit,,LOW
warehouse/MIGRATION_REPORT.csv,csv,6702,warehouse,UNKNOWN,scientific_data,fact_source,dataset,,,,ACTIVE,KEEP,active or retained for audit,,LOW
warehouse/MIGRATION_SUMMARY.csv,csv,1634,warehouse,UNKNOWN,scientific_data,fact_source,dataset,,,,ACTIVE,KEEP,active or retained for audit,,LOW
warehouse/nutrition/food_composition.csv,csv,228,warehouse,UNKNOWN,scientific_data,fact_source,dataset,,,,ACTIVE,KEEP,active or retained for audit,,LOW
warehouse/nutrition/ingredient_composition.csv,csv,240,warehouse,UNKNOWN,scientific_data,fact_source,dataset,,,,ACTIVE,KEEP,active or retained for audit,,LOW
warehouse/nutrition/ingredient_composition_NEEDS_VALIDATION.csv,csv,3937,warehouse,UNKNOWN,scientific_data,fact_source,dataset,,,,ACTIVE,KEEP,active or retained for audit,,LOW
warehouse/nutrition/ingredients.csv,csv,709,warehouse,UNKNOWN,scientific_data,fact_source,dataset,,,,ACTIVE,KEEP,active or retained for audit,,LOW
warehouse/nutrition/units.csv,csv,186,warehouse,UNKNOWN,scientific_data,fact_source,dataset,,,,ACTIVE,KEEP,active or retained for audit,,LOW
warehouse/objectives/condition_objectives.csv,csv,2346,warehouse,UNKNOWN,scientific_data,fact_source,dataset,,,,ACTIVE,KEEP,active or retained for audit,,LOW
warehouse/objectives/objective_conflicts.csv,csv,507,warehouse,UNKNOWN,scientific_data,fact_source,dataset,,,,ACTIVE,KEEP,active or retained for audit,,LOW
warehouse/objectives/objective_mechanisms.csv,csv,1518,warehouse,UNKNOWN,scientific_data,fact_source,dataset,,,,ACTIVE,KEEP,active or retained for audit,,LOW
warehouse/objectives/objective_priorities.csv,csv,1462,warehouse,UNKNOWN,scientific_data,fact_source,dataset,,,,ACTIVE,KEEP,active or retained for audit,,LOW
warehouse/objectives/objective_synergies.csv,csv,694,warehouse,UNKNOWN,scientific_data,fact_source,dataset,,,,ACTIVE,KEEP,active or retained for audit,,LOW
warehouse/objectives/objectives.csv,csv,2199,warehouse,UNKNOWN,scientific_data,fact_source,dataset,,,,ACTIVE,KEEP,active or retained for audit,,LOW
warehouse/optimization/calorie_density.csv,csv,744,warehouse,UNKNOWN,scientific_data,fact_source,dataset,,,,ACTIVE,KEEP,active or retained for audit,,LOW
warehouse/optimization/feeding_constraints.csv,csv,540,warehouse,UNKNOWN,scientific_data,fact_source,dataset,,,,ACTIVE,KEEP,active or retained for audit,,LOW
warehouse/optimization/ingredient_conflicts.csv,csv,476,warehouse,UNKNOWN,scientific_data,fact_source,dataset,,,,ACTIVE,KEEP,active or retained for audit,,LOW
warehouse/optimization/ingredient_interactions.csv,csv,750,warehouse,UNKNOWN,scientific_data,fact_source,dataset,,,,ACTIVE,KEEP,active or retained for audit,,LOW
warehouse/optimization/ingredient_synergies.csv,csv,708,warehouse,UNKNOWN,scientific_data,fact_source,dataset,,,,ACTIVE,KEEP,active or retained for audit,,LOW
warehouse/optimization/package_constraints.csv,csv,898,warehouse,UNKNOWN,scientific_data,fact_source,dataset,,,,ACTIVE,KEEP,active or retained for audit,,LOW
warehouse/optimization/product_compositions.csv,csv,2258,warehouse,UNKNOWN,scientific_data,fact_source,dataset,,,,ACTIVE,KEEP,active or retained for audit,,LOW
warehouse/optimization/product_servings.csv,csv,1089,warehouse,UNKNOWN,scientific_data,fact_source,dataset,,,,ACTIVE,KEEP,active or retained for audit,,LOW
warehouse/prevention/condition_activities.csv,csv,8391,warehouse,UNKNOWN,scientific_data,fact_source,dataset,,,,ACTIVE,KEEP,active or retained for audit,,LOW
warehouse/prevention/condition_ingredients.csv,csv,4324,warehouse,UNKNOWN,scientific_data,fact_source,dataset,,,,ACTIVE,KEEP,active or retained for audit,,LOW
warehouse/README.md,md,1024,warehouse,UNKNOWN,scientific_data,fact_source,dataset,,,,ACTIVE,KEEP,active or retained for audit,,LOW
warehouse/recipes/recipe_components.csv,csv,893,warehouse,UNKNOWN,scientific_data,fact_source,dataset,,,,ACTIVE,KEEP,active or retained for audit,,LOW
warehouse/recipes/recipes.csv,csv,403,warehouse,UNKNOWN,scientific_data,fact_source,dataset,,,,ACTIVE,KEEP,active or retained for audit,,LOW
warehouse/reference/body_systems.csv,csv,691,warehouse,UNKNOWN,scientific_data,fact_source,dataset,,,,ACTIVE,KEEP,active or retained for audit,,LOW
warehouse/reference/condition_mechanisms.csv,csv,2538,warehouse,UNKNOWN,scientific_data,fact_source,dataset,,,,ACTIVE,KEEP,active or retained for audit,,LOW
warehouse/reference/condition_systems.csv,csv,1918,warehouse,UNKNOWN,scientific_data,fact_source,dataset,,,,ACTIVE,KEEP,active or retained for audit,,LOW
warehouse/reference/mechanisms.csv,csv,1301,warehouse,UNKNOWN,scientific_data,fact_source,dataset,,,,ACTIVE,KEEP,active or retained for audit,,LOW
warehouse/repository/__init__.py,py,1227,warehouse,UNKNOWN,scientific_data,fact_source,dataset,,warehouse.repository.domains|warehouse.repository.entities|warehouse.repository.scientific,,ACTIVE,KEEP,active or retained for audit,,LOW
warehouse/repository/domains.py,py,8537,warehouse,UNKNOWN,scientific_data,fact_source,dataset,warehouse/repository/__init__.py,__future__|app.core.paths|app.data.native_loader|csv|pathlib,,ACTIVE,KEEP,active or retained for audit,,LOW
warehouse/repository/entities.py,py,2443,warehouse,UNKNOWN,scientific_data,fact_source,dataset,warehouse/repository/__init__.py|warehouse/repository/scientific.py,__future__|dataclasses|re|typing,,ACTIVE,KEEP,active or retained for audit,,LOW
warehouse/repository/scientific.py,py,9829,warehouse,UNKNOWN,scientific_data,fact_source,dataset,app/data/repository.py|tests/test_warehouse_parity.py|warehouse/repository/__init__.py,__future__|app.core.paths|csv|functools|pathlib|typing|warehouse.repository.entities,,ACTIVE,KEEP,active or retained for audit,,LOW
warehouse/science_graph/ingredient_aliases.csv,csv,1518,warehouse,UNKNOWN,scientific_data,fact_source,dataset,,,,ACTIVE,KEEP,active or retained for audit,,LOW
warehouse/science_graph/recipe_products.csv,csv,847,warehouse,UNKNOWN,scientific_data,fact_source,dataset,,,,ACTIVE,KEEP,active or retained for audit,,LOW
warehouse/science_graph/source_recipes.csv,csv,1549,warehouse,UNKNOWN,scientific_data,fact_source,dataset,,,,ACTIVE,KEEP,active or retained for audit,,LOW
warehouse/sources/ingredient_sources.csv,csv,1683,warehouse,UNKNOWN,scientific_data,fact_source,dataset,,,,ACTIVE,KEEP,active or retained for audit,,LOW
warehouse/sources/source_bioavailability.csv,csv,1193,warehouse,UNKNOWN,scientific_data,fact_source,dataset,,,,ACTIVE,KEEP,active or retained for audit,,LOW
warehouse/sources/source_composition.csv,csv,1066,warehouse,UNKNOWN,scientific_data,fact_source,dataset,,,,ACTIVE,KEEP,active or retained for audit,,LOW
warehouse/validation/actual_clinical_cases.csv,csv,244,warehouse,UNKNOWN,scientific_data,fact_source,dataset,,,,ACTIVE,KEEP,active or retained for audit,,LOW
warehouse/VALIDATION_SUMMARY.csv,csv,1175,warehouse,UNKNOWN,scientific_data,fact_source,dataset,,,,ACTIVE,KEEP,active or retained for audit,,LOW
warehouse/WAREHOUSE_GUIDE.csv,csv,3367,warehouse,UNKNOWN,scientific_data,fact_source,dataset,,,,ACTIVE,KEEP,active or retained for audit,,LOW
